time4sub,time11sub,solution?,n,time4,time11,correct winner,SAT?,blocked/n^2
0.0894531965,0.2190285921,1,70,0.1353797913,2.741635561,queen4,SAT,0.7551020408
0.0994633436,0.2706907511,1,70,0.1506533623,3.4808206558,queen4,SAT,0.7553061224
0.0891865015,0.2687749147,1,70,0.1572659016,2.257992506,queen4,SAT,0.7555102041
0.0838003933,0.2704412818,1,70,0.1829090118,3.3688080311,queen4,SAT,0.7557142857
0.0824096584,0.2701527834,1,70,0.1594026089,3.975954771,queen4,SAT,0.7559183673
0.0785853902,0.2674925804,1,70,0.1969389915,2.5438382626,queen4,SAT,0.756122449
0.0787227222,0.2694038119,1,70,0.1776344776,2.7151758671,queen4,SAT,0.7563265306
0.0783055395,0.2650536299,1,70,0.2575910091,3.4799921513,queen4,SAT,0.7565306122
0.0766109016,0.2635013898,1,70,0.146241188,2.729640007,queen4,SAT,0.7567346939
0.0775910759,0.2627310777,0.9,70,0.1570763588,3.0946090221,queen4,SAT,0.7569387755
0.0797262235,0.2615257111,1,70,0.2131905556,3.007276535,queen4,SAT,0.7571428571
0.0792509476,0.2610666911,1,70,0.2970151901,2.4036483765,queen4,SAT,0.7573469388
0.078798936,0.26073562,1,70,0.1372435093,2.5296852589,queen4,SAT,0.7575510204
0.0770529015,0.2595369356,1,70,0.2932655811,2.6924791336,queen4,SAT,0.757755102
0.0766168245,0.2588801289,1,70,0.1641244888,2.7267827988,queen4,SAT,0.7579591837
0.0761034161,0.2597487614,1,70,0.1387546062,4.1234464645,queen4,SAT,0.7581632653
0.076855588,0.2598361184,1,70,0.2623465061,4.6763734818,queen4,SAT,0.7583673469
0.0773924695,0.2607812444,1,70,0.4788763523,4.1715118885,queen4,SAT,0.7585714286
0.0810290111,0.2740015331,1,70,0.3689055443,4.4116499424,queen4,SAT,0.7587755102
0.0819407749,0.2790226603,1,70,0.4284377098,3.5400383472,queen4,SAT,0.7589795918
0.0822346858,0.2774330923,1,70,0.1518390179,2.5751004219,queen4,SAT,0.7591836735
0.0835247495,0.2779686874,1,70,0.3130381107,2.6289947033,queen4,SAT,0.7593877551
0.0835204757,0.278473258,1,70,0.2394559383,2.398455143,queen4,SAT,0.7595918367
0.0855993648,0.2771478196,1,70,0.2538032532,3.3954470158,queen4,SAT,0.7597959184
0.0851679401,0.2784442005,1,70,0.1324958801,2.328110218,queen4,SAT,0.76
0.084488589,0.2764763126,1,70,0.1422300339,2.2646598816,queen4,SAT,0.7602040816
0.0841461817,0.2757567097,1,70,0.1252417564,3.6652367115,queen4,SAT,0.7604081633
0.0834369506,0.2750893763,1,70,0.1607363224,3.1068384647,queen4,SAT,0.7606122449
0.0833676667,0.2738957816,1,70,0.1565561295,2.4506464005,queen4,SAT,0.7608163265
0.0832159336,0.2723979751,1,70,0.3708195686,3.1261804104,queen4,SAT,0.7610204082
0.0845603551,0.2747316161,1,70,0.1226894855,5.3904771805,queen4,SAT,0.7612244898
0.0849181697,0.2745374568,1,70,0.1160292625,3.1488938332,queen4,SAT,0.7614285714
0.08511708,0.2733998472,1,70,0.3184657097,3.0644159317,queen4,SAT,0.7616326531
0.0850653101,0.2722324287,1,70,0.1324930191,2.6738467216,queen4,SAT,0.7618367347
0.0842818424,0.2707269587,1,70,0.181094408,2.4610342979,queen4,SAT,0.7620408163
0.0848746114,0.2697508633,1,70,0.1329581738,2.5975425243,queen4,SAT,0.762244898
0.08562466,0.270488873,1,70,0.2571678162,2.3408033848,queen4,SAT,0.7624489796
0.0847265118,0.2690873937,1,70,0.1593151093,2.3288753033,queen4,SAT,0.7626530612
0.0841830345,0.2674576937,1,70,0.137784481,2.7737178802,queen4,SAT,0.7628571429
0.0841558754,0.2671234614,1,70,0.2001144886,3.0009593964,queen4,SAT,0.7630612245
0.0844348681,0.2662818002,1,70,0.1372456551,2.6059920788,queen4,SAT,0.7632653061
0.0844722356,0.2659290683,1,70,0.1146609783,2.2649993896,queen4,SAT,0.7634693878
0.0837022665,0.2643073038,1,70,0.1490602493,2.319770813,queen4,SAT,0.7636734694
0.0831988817,0.2628403306,1,70,0.1737480164,2.2445130348,queen4,SAT,0.763877551
0.0828768905,0.2618940565,1,70,0.1179788113,2.2645790577,queen4,SAT,0.7640816327
0.0824302513,0.2613125003,1,70,0.2418351173,2.3798890114,queen4,SAT,0.7642857143
0.0819880526,0.2604468888,1,70,0.2000076771,2.270200491,queen4,SAT,0.7644897959
0.0826788013,0.2601001754,1,70,0.2327280045,2.4334726334,queen4,SAT,0.7646938776
0.0842423157,0.2610348283,1,70,0.1574730873,2.2962665558,queen4,SAT,0.7648979592
0.0836815596,0.2602206097,1,70,0.140178442,2.3308186531,queen4,SAT,0.7651020408
0.0831794281,0.2592057808,1,70,0.3347637653,2.248383522,queen4,SAT,0.7653061224
0.0826507834,0.2584593956,1,70,0.1870930195,2.2602484226,queen4,SAT,0.7655102041
0.0826112981,0.2573767824,1,70,0.2333626747,2.2953841686,queen4,SAT,0.7657142857
0.082112866,0.2564278837,1,70,0.1500239372,2.3115196228,queen4,SAT,0.7659183673
0.0819023366,0.2554422977,1,70,0.1591355801,2.3269021511,queen4,SAT,0.766122449
0.0819334741,0.2546142037,1,70,0.1427984238,2.268324852,queen4,SAT,0.7663265306
0.0816132244,0.253758451,1,70,0.1907827854,2.2670395374,queen4,SAT,0.7665306122
0.0809658716,0.2528971384,1,70,0.1193888187,2.2664206028,queen4,SAT,0.7667346939
0.0822466014,0.2526942447,1,70,0.1515679359,2.3814918995,queen4,SAT,0.7669387755
0.0827377534,0.25291635,1,70,0.2477030754,2.4373977184,queen4,SAT,0.7671428571
0.0832448049,0.2528203409,1,70,0.189063549,2.5336890221,queen4,SAT,0.7673469388
0.0833795028,0.2529323893,1,70,0.1248192787,2.2600023746,queen4,SAT,0.7675510204
0.0832918163,0.2524065759,1,70,0.4340553284,2.4303224087,queen4,SAT,0.767755102
0.0832546003,0.2519506313,1,70,0.1680774689,2.4729628563,queen4,SAT,0.7679591837
0.0829764531,0.2512552731,1,70,0.1407687664,2.28439641,queen4,SAT,0.7681632653
0.0824466774,0.2506536776,1,70,0.1407728195,2.283069849,queen4,SAT,0.7683673469
0.0857544073,0.2527599299,1,70,0.1347532272,2.4562473297,queen4,SAT,0.7685714286
0.0852595743,0.2522598975,1,70,0.1429698467,2.2509074211,queen4,SAT,0.7687755102
0.0849939353,0.2515876141,1,70,0.1361839771,2.2338888645,queen4,SAT,0.7689795918
0.0846235953,0.2512333052,1,70,0.1155645847,2.3948981762,queen4,SAT,0.7691836735
0.0844328283,0.2506818862,1,70,0.2892272472,2.2668638229,queen4,SAT,0.7693877551
0.0847448472,0.2508183287,1,70,0.1227238178,2.2946765423,queen4,SAT,0.7695918367
0.0844433896,0.2502923685,1,70,0.1266829967,2.2969176769,queen4,SAT,0.7697959184
0.0838863685,0.2496140399,1,70,0.147749424,2.2568211555,queen4,SAT,0.77
0.0837541622,0.2492254594,1,70,0.157263279,2.3172197342,queen4,SAT,0.7702040816
0.0834931719,0.2487731306,1,70,0.3332238197,2.4446649551,queen4,SAT,0.7704081633
0.0836950327,0.2486073373,1,70,0.129724741,2.317697525,queen4,SAT,0.7706122449
0.0835629142,0.248074376,1,70,0.2475693226,2.2662117481,queen4,SAT,0.7708163265
0.0834548908,0.2477466037,1,70,0.1498713493,2.3742384911,queen4,SAT,0.7710204082
0.0837440366,0.2478714153,1,70,0.1735131741,2.2774410248,queen4,SAT,0.7712244898
0.0834418868,0.2472928551,1,70,0.2111101151,2.3666305542,queen4,SAT,0.7714285714
0.0847254535,0.2481056306,1,70,0.1390030384,2.2628705502,queen4,SAT,0.7716326531
0.0845155357,0.2477155559,1,70,0.1476120949,2.2902877331,queen4,SAT,0.7718367347
0.0849263149,0.2476625318,1,70,0.4162428379,2.3301596642,queen4,SAT,0.7720408163
0.0844912546,0.2471061855,1,70,0.1888663769,2.3697850704,queen4,SAT,0.772244898
0.0854760763,0.2469714292,1,70,0.1989336014,2.3260321617,queen4,SAT,0.7724489796
0.0862703148,0.2474953934,1,70,0.2591416836,2.3481914997,queen4,SAT,0.7726530612
0.0861266334,0.2470999379,1,70,0.2078421116,2.6306917667,queen4,SAT,0.7728571429
0.086631428,0.247049441,1,70,0.5525667667,2.24010396,queen4,SAT,0.7730612245
0.0873771124,0.2476769092,1,70,0.2502644062,2.3040158749,queen4,SAT,0.7732653061
0.0871438718,0.2478135549,1,70,0.1951086521,2.3220849037,queen4,SAT,0.7734693878
0.0868611986,0.2474974578,0.9,70,0.1398139,2.4009144306,queen4,SAT,0.7736734694
0.086556489,0.2471329771,1,70,0.1732552052,2.2490553856,queen4,SAT,0.773877551
0.0863300344,0.2465870857,1,70,0.1447429657,2.3778867722,queen4,SAT,0.7740816327
0.0861567555,0.2466487395,1,70,0.1370067596,2.3009972572,queen4,SAT,0.7742857143
0.0861057227,0.2463622925,1,70,0.1410210133,2.5113525391,queen4,SAT,0.7744897959
0.0862503843,0.24601594,1,70,0.1526939869,2.2947640419,queen4,SAT,0.7746938776
0.0861757135,0.2464876525,1,70,0.1983463764,2.7043302059,queen4,SAT,0.7748979592
0.0860821201,0.2462837983,1,70,0.1418046951,2.3542945385,queen4,SAT,0.7751020408
0.0860946348,0.2464174635,1,70,0.2612698078,2.2457587719,queen4,SAT,0.7753061224
0.0859896303,0.2460121046,1,70,0.1577830315,2.2323195934,queen4,SAT,0.7755102041
0.0857322595,0.2455788718,1,70,0.1596634388,2.2896156311,queen4,SAT,0.7757142857
0.0859116214,0.2456375967,0.8,70,0.1807193756,2.292098999,queen4,SAT,0.7759183673
0.085996244,0.2455500337,1,70,0.6969509125,2.3552298546,queen4,SAT,0.776122449
0.0860016798,0.245481111,1,70,0.1279807091,2.529728651,queen4,SAT,0.7763265306
0.0859356208,0.2453585656,1,70,0.2162883282,2.418377161,queen4,SAT,0.7765306122
0.0856770564,0.2452519051,1,70,0.2447440624,2.2348313332,queen4,SAT,0.7767346939
0.0857252766,0.2450475529,1,70,0.1164562702,2.2323715687,queen4,SAT,0.7769387755
0.0856595182,0.2448942436,1,70,0.3023927212,2.234262228,queen4,SAT,0.7771428571
0.0855171782,0.2446279641,1,70,0.1359658241,2.2695202827,queen4,SAT,0.7773469388
0.0853637981,0.2444650109,1,70,0.166643858,2.3269011974,queen4,SAT,0.7775510204
0.0851432602,0.2442115616,1,70,0.1372590065,2.2456331253,queen4,SAT,0.777755102
0.0848103101,0.2439084893,1,70,0.1678276062,2.2798709869,queen4,SAT,0.7779591837
0.0850394477,0.2438644202,1,70,0.3745679855,2.2095832825,queen4,SAT,0.7781632653
0.0847423593,0.2439166797,1,70,0.2395749092,2.7440686226,queen4,SAT,0.7783673469
0.08461674,0.2437885484,1,70,0.1774556637,2.2970554829,queen4,SAT,0.7785714286
0.0847897346,0.2437434443,1,70,0.3382501602,2.405424118,queen4,SAT,0.7787755102
0.0848874141,0.2438711344,1,70,0.1341655254,2.3084976673,queen4,SAT,0.7789795918
0.0846995574,0.2436928439,0.7,70,0.1496360302,2.2652785778,queen4,SAT,0.7791836735
0.084890665,0.2436403598,1,70,0.1717967987,2.2412250042,queen4,SAT,0.7793877551
0.0851261174,0.2438709168,1,70,0.3193800449,2.3101415634,queen4,SAT,0.7795918367
0.0850930617,0.2437472228,1,70,0.1583416462,2.311412096,queen4,SAT,0.7797959184
0.0860108253,0.2446450842,1,70,0.1624798775,2.3090903759,queen4,SAT,0.78
0.0862258236,0.2448140229,1,70,0.1677031517,2.2941186428,queen4,SAT,0.7802040816
0.0860138336,0.2447079334,1,70,0.1208665371,2.3279597759,queen4,SAT,0.7804081633
0.0861588245,0.2446794663,1,70,0.1715388298,2.3864502907,queen4,SAT,0.7806122449
0.0860363795,0.2449934903,1,70,0.3402876854,2.3554768562,queen4,SAT,0.7808163265
0.0861972662,0.2458094025,1,70,0.1565556526,2.2861375809,queen4,SAT,0.7810204082
0.0865538976,0.2459330246,1,70,0.4774529934,2.2903387547,queen4,SAT,0.7812244898
0.0864512196,0.2455885933,1,70,0.2686207294,2.2781591415,queen4,SAT,0.7814285714
0.0863212174,0.2453562818,1,70,0.1619541645,2.2576112747,queen4,SAT,0.7816326531
0.0865806598,0.2454793428,1,70,0.125721693,2.5905189514,queen4,SAT,0.7818367347
0.0866539061,0.2452660114,1,70,0.2143142223,2.5091910362,queen4,SAT,0.7820408163
0.0873864403,0.2456728617,1,70,0.1827707291,2.291285038,queen4,SAT,0.782244898
0.0879755827,0.2458015375,1,70,0.1752192974,2.3088326454,queen4,SAT,0.7824489796
0.088038959,0.246349736,1,70,0.181179285,2.2742660046,queen4,SAT,0.7826530612
0.0880341993,0.2463601126,1,70,0.1689996719,2.2738847733,queen4,SAT,0.7828571429
0.087939535,0.2464045431,0.9,70,0.2329671383,2.2774841785,queen4,SAT,0.7830612245
0.0877597171,0.2462550855,1,70,0.2561905384,2.2967710495,queen4,SAT,0.7832653061
0.087984283,0.246636586,1,70,0.2795233727,2.3449115753,queen4,SAT,0.7834693878
0.0879724354,0.2462860052,0.9,70,0.1166980267,2.321429491,queen4,SAT,0.7836734694
0.0881868839,0.2465691221,1,70,0.2879068851,2.2368052006,queen4,SAT,0.783877551
0.0885123896,0.2466990723,1,70,0.2825393677,2.5612630844,queen4,SAT,0.7840816327
0.0883945122,0.2463968519,1,70,0.5096411705,2.2626309395,queen4,SAT,0.7842857143
0.0891817363,0.2471928971,1,70,0.1354670525,2.4003646374,queen4,SAT,0.7844897959
0.0890814216,0.2470317501,1,70,0.1762566566,2.7544596195,queen4,SAT,0.7846938776
0.0891519585,0.2469941835,1,70,0.3945968151,2.4875705242,queen4,SAT,0.7848979592
0.0890622062,0.2469044157,1,70,0.4401955605,2.286608696,queen4,SAT,0.7851020408
0.0894429367,0.2470942276,1,70,0.25831604,3.4861695766,queen4,SAT,0.7853061224
0.0892224708,0.2467539571,1,70,0.3640303612,2.592094183,queen4,SAT,0.7855102041
0.08943586,0.2468253928,1,70,0.1346340179,2.5056467056,queen4,SAT,0.7857142857
0.0895802994,0.2467559044,1,70,0.1297700405,2.3165681362,queen4,SAT,0.7859183673
0.0897289007,0.2469828137,1,70,0.1519632339,2.2579083443,queen4,SAT,0.786122449
0.0898546773,0.2470149195,1,70,0.555731535,2.2413764,queen4,SAT,0.7863265306
0.089894743,0.2473379663,1,70,0.1356782913,2.4998059273,queen4,SAT,0.7865306122
0.0905337273,0.2473175478,1,70,0.142179966,2.2886445522,queen4,SAT,0.7867346939
0.0903802797,0.247358153,1,70,0.6930241585,3.0620765686,queen4,SAT,0.7869387755
0.0905263792,0.2474028684,1,70,0.1305215359,2.7993159294,queen4,SAT,0.7871428571
0.0912304997,0.248155681,1,70,0.7329361439,2.5879993439,queen4,SAT,0.7873469388
0.0911364214,0.2480243862,0.8,70,0.4021375179,2.2306199074,queen4,SAT,0.7875510204
0.0915046757,0.2479189079,1,70,0.1864295006,2.2628107071,queen4,SAT,0.787755102
0.0917816596,0.2482314189,1,70,0.1512420177,2.2937033176,queen4,SAT,0.7879591837
0.0924468378,0.2487845531,1,70,0.185880661,2.2890930176,queen4,SAT,0.7881632653
0.0924175303,0.2485130551,1,70,0.1595780849,2.5833303928,queen4,SAT,0.7883673469
0.0924049992,0.2484028556,1,70,0.4461901188,2.3064014912,queen4,SAT,0.7885714286
0.0925322398,0.2487113727,1,70,0.6900293827,2.2951145172,queen4,SAT,0.7887755102
0.092715799,0.2486648116,1,70,0.1850328445,2.274065733,queen4,SAT,0.7889795918
0.0927422277,0.2484619792,1,70,0.5025603771,2.2684066296,queen4,SAT,0.7891836735
0.0930512617,0.2492515761,1,70,0.1518189907,2.3024890423,queen4,SAT,0.7893877551
0.0929989715,0.2494056639,1,70,0.1697051525,2.3532857895,queen4,SAT,0.7895918367
0.0928764255,0.2492283132,1,70,0.1417300701,2.2711052895,queen4,SAT,0.7897959184
0.0927494939,0.2491600806,1,70,0.1917834282,2.2594487667,queen4,SAT,0.79
0.0928132695,0.248926046,1,70,0.1801366806,2.3179073334,queen4,SAT,0.7902040816
0.092810764,0.2488343487,1,70,0.1574347019,2.298889637,queen4,SAT,0.7904081633
0.0929361966,0.2492536049,1,70,0.1258547306,2.3079991341,queen4,SAT,0.7906122449
0.0928700619,0.2491603563,1,70,0.2204978466,2.2613267899,queen4,SAT,0.7908163265
0.0926127889,0.2489556516,0.8,70,0.1151313782,2.2841176987,queen4,SAT,0.7910204082
0.0927766527,0.2488696272,1,70,0.4206085205,2.2705276012,queen4,SAT,0.7912244898
0.0929985133,0.2491399299,1,70,0.114688158,2.5204069614,queen4,SAT,0.7914285714
0.0934562907,0.2495751878,1,70,1.1451582909,2.2990000248,queen4,SAT,0.7916326531
0.0932566162,0.2494451159,1,70,0.1384642124,2.3182797432,queen4,SAT,0.7918367347
0.0934164076,0.2494370818,1,70,0.3531284332,2.5814521313,queen4,SAT,0.7920408163
0.0935026474,0.2496235954,1,70,0.8871209621,2.2598867416,queen4,SAT,0.792244898
0.0934596045,0.249431319,1,70,1.4966709614,2.3247010708,queen4,SAT,0.7924489796
0.0936112713,0.2495906019,1,70,0.1530151367,2.3726923466,queen4,SAT,0.7926530612
0.0936360334,0.2496243169,1,70,0.1340372562,2.2795989513,queen4,SAT,0.7928571429
0.093909071,0.2498697536,1,70,0.6183290482,2.2792739868,queen4,SAT,0.7930612245
0.093933577,0.2500310128,1,70,0.1576154232,2.2801411152,queen4,SAT,0.7932653061
0.0941286758,0.2502213621,1,70,0.5793375969,2.2172636986,queen4,SAT,0.7934693878
0.0938265892,0.2498693031,0.9,70,0.6247942448,2.3824119568,queen4,SAT,0.7936734694
0.093956795,0.2496930102,1,70,1.5305235386,3.3901236057,queen4,SAT,0.793877551
0.0949871865,0.2503957051,1,70,0.7339799404,2.4770851135,queen4,SAT,0.7940816327
0.0950092569,0.2503320682,1,70,0.4151413441,2.271517992,queen4,SAT,0.7942857143
0.0952094142,0.2502836852,1,70,0.214977026,2.3342876434,queen4,SAT,0.7944897959
0.0951210108,0.250671389,1,70,0.5260696411,2.2842087746,queen4,SAT,0.7946938776
0.0951336557,0.2507498852,0.9,70,0.1344954967,2.3232119083,queen4,SAT,0.7948979592
0.0951168123,0.2505109719,1,70,0.2008895874,2.293056488,queen4,SAT,0.7951020408
0.0953573285,0.2505167359,1,70,0.1293904781,2.7255198956,queen4,SAT,0.7953061224
0.0952850668,0.2504320505,1,70,0.2568471432,2.2279148102,queen4,SAT,0.7955102041
0.0954807749,0.25065975,1,70,0.3017442226,2.3130125999,queen4,SAT,0.7957142857
0.0955610097,0.2506390447,1,70,0.1459593773,2.4855043888,queen4,SAT,0.7959183673
0.0956105389,0.2506189383,1,70,0.5655436516,2.5760540962,queen4,SAT,0.796122449
0.0955754772,0.250470323,1,70,0.2594721317,2.3389985561,queen4,SAT,0.7963265306
0.0956217098,0.2505026598,1,70,0.8284316063,3.6779837608,queen4,SAT,0.7965306122
0.0955281662,0.2504213491,1,70,0.1466059685,2.2576985359,queen4,SAT,0.7967346939
0.0960092553,0.251221066,1,70,0.1614639759,2.4884343147,queen4,SAT,0.7969387755
0.0960943025,0.2512251141,1,70,0.1557152271,2.5841653347,queen4,SAT,0.7971428571
0.0962623948,0.2513578619,0.9,70,0.1710333824,2.3100831509,queen4,SAT,0.7973469388
0.0963297624,0.2512535463,0.9,70,0.6856131554,2.631310463,queen4,SAT,0.7975510204
0.0964674792,0.2513216983,1,70,0.1603896618,2.233273983,queen4,SAT,0.797755102
0.0970089224,0.2517328401,1,70,0.4787464142,2.420696497,queen4,SAT,0.7979591837
0.0971030768,0.2518211762,1,70,0.3641014099,2.492338419,queen4,SAT,0.7981632653
0.0973256157,0.2515965993,0.9,70,0.1312861443,2.4865264893,queen4,SAT,0.7983673469
0.0971824571,0.2514766597,1,70,0.4785599709,2.7092206478,queen4,SAT,0.7985714286
0.0971796423,0.2514628691,1,70,0.1639971733,2.4278917313,queen4,SAT,0.7987755102
0.0977882937,0.252152862,1,70,0.5402154922,2.2849192619,queen4,SAT,0.7989795918
0.0978674605,0.252191171,1,70,0.529635191,2.2567162514,queen4,SAT,0.7991836735
0.0982591018,0.2527236387,1,70,0.1794154644,4.0056240559,queen4,SAT,0.7993877551
0.0982595841,0.2526686797,1,70,0.5944042206,2.6525876522,queen4,SAT,0.7995918367
0.0982974039,0.2526936843,1,70,0.1370172501,2.5579571724,queen4,SAT,0.7997959184
0.0982357699,0.2525652669,1,70,0.3810124397,2.3305459023,queen4,SAT,0.8
0.0982552694,0.2525022135,0.7,70,0.6567687988,2.8325996399,queen4,SAT,0.8002040816
0.0985422658,0.2527308062,1,70,0.6340887547,2.5100314617,queen4,SAT,0.8004081633
0.0984511087,0.2526430791,1,70,0.7688839436,2.3508396149,queen4,SAT,0.8006122449
0.0985914906,0.2527011062,1,70,0.1480066776,3.0932481289,queen4,SAT,0.8008163265
0.0989712079,0.2529065025,0.9,70,0.1552655697,2.7161638737,queen4,SAT,0.8010204082
0.0990861947,0.2530053507,1,70,0.5477733612,2.3434987068,queen4,SAT,0.8012244898
0.0989129633,0.2528499043,1,70,0.1798014641,2.2583398819,queen4,SAT,0.8014285714
0.0986532206,0.2525780984,0.7,70,0.1511864662,2.3631677628,queen4,SAT,0.8016326531
0.0986606151,0.2524947522,1,70,0.7564196587,2.2731480598,queen4,SAT,0.8018367347
0.0986033833,0.2523777353,1,70,0.1139099598,2.5957365036,queen4,SAT,0.8020408163
0.0985460841,0.2522003574,1,70,0.2337083817,6.3002758026,queen4,SAT,0.802244898
0.0984873407,0.2520756328,1,70,0.5584349632,2.5754158497,queen4,SAT,0.8024489796
0.0985589381,0.2521894826,1,70,0.5902047157,2.9136593342,queen4,SAT,0.8026530612
0.098494428,0.2522413588,1,70,2.8805749416,3.1176528931,queen4,SAT,0.8028571429
0.0986650385,0.2524094958,1,70,0.4066622257,2.9674038887,queen4,SAT,0.8030612245
0.0991781015,0.2524622469,1,70,0.8710260391,2.3563289642,queen4,SAT,0.8032653061
0.0991765724,0.2524071331,0.8,70,0.2098367214,2.2985315323,queen4,SAT,0.8034693878
0.0991208498,0.2523029373,1,70,0.3550946712,2.366310358,queen4,SAT,0.8036734694
0.0992543231,0.2524776152,1,70,0.1494586468,2.4433298111,queen4,SAT,0.803877551
0.0992354986,0.2524704641,0.8,70,0.5370612144,2.7651171684,queen4,SAT,0.8040816327
0.0992945715,0.2524904854,1,70,1.3567659855,2.5585241318,queen4,SAT,0.8042857143
0.0993695706,0.2526212575,1,70,0.6143424511,2.3168344498,queen4,SAT,0.8044897959
0.0992992769,0.2525027778,1,70,1.2296061516,2.4587333202,queen4,SAT,0.8046938776
0.0991888957,0.2523996601,0.8,70,0.6590790749,2.6401350498,queen4,SAT,0.8048979592
0.0994310603,0.2526446468,1,70,0.2743988037,2.3603050709,queen4,SAT,0.8051020408
0.0994661423,0.2525973187,1,70,0.3422019482,2.684425354,queen4,SAT,0.8053061224
0.0994621773,0.2526282719,1,70,0.2731935978,2.4611868858,queen4,SAT,0.8055102041
0.099306768,0.2524363717,1,70,0.4527099133,2.3087670803,queen4,SAT,0.8057142857
0.0994197124,0.2527202555,0.8,70,1.6326527596,2.8337571621,queen4,SAT,0.8059183673
0.0993711311,0.2526977796,1,70,0.4186952114,2.2908408642,queen4,SAT,0.806122449
0.0995340177,0.252838742,1,70,0.1489908695,2.5202600956,queen4,SAT,0.8063265306
0.0996424553,0.2528884463,1,70,3.157304287,2.7164103985,queen11,SAT,0.8065306122
0.0997955963,0.253127778,0.9,70,0.1301698685,2.4164888859,queen4,SAT,0.8067346939
0.0996669522,0.2530243753,0.9,70,0.1505248547,2.8922665119,queen4,SAT,0.8069387755
0.0996523075,0.2531819043,1,70,0.1902968884,3.3835873604,queen4,SAT,0.8071428571
0.0996929507,0.2531649251,1,70,0.5517880917,2.3988187313,queen4,SAT,0.8073469388
0.0995703515,0.2530234633,1,70,0.4251451492,2.4335985184,queen4,SAT,0.8075510204
0.0995389998,0.2529951362,0.8,70,0.3188199997,2.3460843563,queen4,SAT,0.807755102
0.0994879905,0.252979815,0.9,70,0.3722052574,2.4541101456,queen4,SAT,0.8079591837
0.0994568542,0.2530125528,1,70,0.1913149357,2.9601974487,queen4,SAT,0.8081632653
0.0994132603,0.2528866738,1,70,0.3983495235,2.4343979359,queen4,SAT,0.8083673469
0.0992224327,0.2526807836,0.5,70,0.1459920406,2.2991271019,queen4,SAT,0.8085714286
0.0992373058,0.2526841207,1,70,0.1336989403,2.3768703938,queen4,SAT,0.8087755102
0.0991771398,0.2525273037,1,70,0.1811625957,2.4871366024,queen4,SAT,0.8089795918
0.0991562716,0.2524049772,0.9,70,0.3069927692,2.3807439804,queen4,SAT,0.8091836735
0.0990782097,0.2522820452,1,70,0.2025361061,2.3607666492,queen4,SAT,0.8093877551
0.0990968145,0.2524097681,1,70,0.2614552975,2.4671216011,queen4,SAT,0.8095918367
0.0990624792,0.2523563788,1,70,0.5054004192,2.4451978207,queen4,SAT,0.8097959184
0.0990484183,0.2522873261,1,70,0.3170199394,2.3900883198,queen4,SAT,0.81
0.0988688709,0.2520943789,1,70,1.1290926933,2.3623590469,queen4,SAT,0.8102040816
0.0986918105,0.2519669028,0.9,70,2.1301159859,3.2739984989,queen4,SAT,0.8104081633
0.098507126,0.25176933,0.9,70,0.18897295,2.3315269947,queen4,SAT,0.8106122449
0.0986526646,0.251733547,1,70,5.1060359478,2.5189919472,queen11,SAT,0.8108163265
0.0985383463,0.2516158557,0.9,70,0.122338295,2.4207551479,queen4,SAT,0.8110204082
0.0985727421,0.2516260916,1,70,0.5860750675,2.8432524204,queen4,SAT,0.8112244898
0.0985401107,0.2515764726,1,70,0.1368715763,2.7568027973,queen4,SAT,0.8114285714
0.0986092453,0.2516071675,0.9,70,0.1588175297,2.4642207623,queen4,SAT,0.8116326531
0.0991409156,0.2522536551,1,70,0.3922498226,2.4664516449,queen4,SAT,0.8118367347
0.0990217892,0.2522817718,0.8,70,0.3205254078,2.4486384392,queen4,SAT,0.8120408163
0.0990272729,0.2521985682,1,70,1.4924330711,2.6033124924,queen4,SAT,0.812244898
0.0988973257,0.2520518779,1,70,0.215928793,2.4425976276,queen4,SAT,0.8124489796
0.098833931,0.2519426756,1,70,0.36708951,2.5160140991,queen4,SAT,0.8126530612
0.0990252672,0.2522247184,1,70,0.4513320923,2.314697504,queen4,SAT,0.8128571429
0.0988544979,0.2520273506,1,70,0.1799316406,2.6463968754,queen4,SAT,0.8130612245
0.0988613052,0.2519720874,1,70,0.2762312889,3.2058844566,queen4,SAT,0.8132653061
0.0988452049,0.2518935436,1,70,3.3152916431,2.6529905796,queen11,SAT,0.8134693878
0.0987232943,0.2517647406,0.9,70,0.270624876,2.3510611057,queen4,SAT,0.8136734694
0.0986637715,0.2517540827,1,70,0.1976673603,5.7817876339,queen4,SAT,0.813877551
0.098672303,0.2517227387,0.8,70,0.4358403683,3.3039720058,queen4,SAT,0.8140816327
0.0987107037,0.2518810356,1,70,0.261425972,2.3030869961,queen4,SAT,0.8142857143
0.098693245,0.251785426,1,70,0.9477272034,3.9018399715,queen4,SAT,0.8144897959
0.0986409107,0.2517444047,1,70,0.961987257,2.4711577892,queen4,SAT,0.8146938776
0.0985735055,0.251676441,1,70,0.6647984982,3.5347745419,queen4,SAT,0.8148979592
0.098670515,0.251830998,1,70,0.1551117897,2.4387180805,queen4,SAT,0.8151020408
0.0985648499,0.2517684149,0.8,70,0.7517778873,2.6725106239,queen4,SAT,0.8153061224
0.0985478233,0.2517604544,1,70,0.2278318405,4.6856060028,queen4,SAT,0.8155102041
0.0986298219,0.251790755,1,70,0.4567251205,2.8109550476,queen4,SAT,0.8157142857
0.0985505858,0.251687803,1,70,1.5215959549,2.5829427242,queen4,SAT,0.8159183673
0.0983671366,0.2514851987,1,70,0.414730072,3.1474394798,queen4,SAT,0.816122449
0.0982202921,0.2513180025,1,70,0.2921156883,2.5412142277,queen4,SAT,0.8163265306
0.0982114646,0.2512783336,1,70,1.2816054821,2.712723732,queen4,SAT,0.8165306122
0.0981919937,0.2512533751,1,70,0.5882744789,3.2833473682,queen4,SAT,0.8167346939
0.0981220347,0.2513389646,1,70,0.4052586555,2.4087510109,queen4,SAT,0.8169387755
0.097995287,0.2511904025,1,70,0.380156517,2.5488827229,queen4,SAT,0.8171428571
0.0978261592,0.2509939993,0.8,70,2.6742725372,2.3578674793,queen11,SAT,0.8173469388
0.0978126083,0.2509925889,1,70,0.9545512199,2.692971468,queen4,SAT,0.8175510204
0.0976923946,0.250845029,0.8,70,2.3566532135,2.7514948845,queen4,SAT,0.817755102
0.0975686437,0.2506903942,0.9,70,0.5993332863,2.9680645466,queen4,SAT,0.8179591837
0.0975606002,0.2506470014,1,70,0.2306301594,2.6459643841,queen4,SAT,0.8181632653
0.0974181694,0.2504965336,1,70,3.2292943001,3.2206089497,queen11,SAT,0.8183673469
0.0975085978,0.2504827705,1,70,0.1204788685,3.7363805771,queen4,SAT,0.8185714286
0.0973340306,0.2502773527,1,70,1.6239626408,2.4374923706,queen4,SAT,0.8187755102
0.0972821515,0.2502173554,1,70,0.4749398232,5.1160843372,queen4,SAT,0.8189795918
0.0972405516,0.2502576149,1,70,4.9501724243,2.3524405956,queen11,SAT,0.8191836735
0.0971163437,0.2501407319,0.6,70,0.863743782,2.333861351,queen4,SAT,0.8193877551
0.0969962389,0.2499870002,1,70,0.3232607841,2.3180222511,queen4,SAT,0.8195918367
0.0968955494,0.2498655905,0.9,70,0.1432287693,8.7526912689,queen4,SAT,0.8197959184
0.0969319899,0.2498179576,1,70,0.2085404396,2.5247423649,queen4,SAT,0.82
0.0967730462,0.2497375961,0.6,70,1.0551793575,2.6602785587,queen4,SAT,0.8202040816
0.096604521,0.2495577519,1,70,0.1539652348,2.3519370556,queen4,SAT,0.8204081633
0.0964242268,0.2493657594,1,70,0.8745360374,2.3207125664,queen4,SAT,0.8206122449
0.0962665747,0.2491881774,0.7,70,0.3573255539,2.7272453308,queen4,SAT,0.8208163265
0.096128689,0.2490351838,1,70,0.9951491356,2.3162178993,queen4,SAT,0.8210204082
0.0959915447,0.2488775972,0.7,70,0.7917566299,2.5638308525,queen4,SAT,0.8212244898
0.0958357476,0.2486938613,1,70,3.7213509083,2.4171013832,queen11,SAT,0.8214285714
0.0957297746,0.248557323,1,70,0.3144333363,2.3994095325,queen4,SAT,0.8216326531
0.0955797416,0.2484003933,0.9,70,0.305511713,2.3277857304,queen4,SAT,0.8218367347
0.0954345668,0.248234394,0.9,70,0.1281223297,2.5444233418,queen4,SAT,0.8220408163
0.0952918889,0.2480732026,0.9,70,1.5976285934,7.7948668003,queen4,SAT,0.822244898
0.0951549875,0.2479188096,0.9,70,0.7256290913,2.4261198044,queen4,SAT,0.8224489796
0.0949946657,0.2477420927,0.8,70,0.2914655209,5.9838140011,queen4,SAT,0.8226530612
0.0948410328,0.2475692212,0.8,70,0.2932560444,2.558631897,queen4,SAT,0.8228571429
0.0948186961,0.2475638174,1,70,0.8923757076,2.6288542747,queen4,SAT,0.8230612245
0.0946609955,0.2473711103,0.3,70,0.2000572681,2.5603983402,queen4,SAT,0.8232653061
0.0945160368,0.2472142198,1,70,0.7338507175,2.5597155094,queen4,SAT,0.8234693878
0.0943544513,0.2470439364,0.6,70,0.2809967995,2.8658440113,queen4,SAT,0.8236734694
0.0942548376,0.2469332593,1,70,0.3820495605,3.3298459053,queen4,SAT,0.823877551
0.0941510144,0.2468060902,1,70,1.255751133,3.6908795834,queen4,SAT,0.8240816327
0.0940597545,0.2467126919,1,70,0.783809185,7.9581029415,queen4,SAT,0.8242857143
0.0939447936,0.2465888457,1,70,2.3842725754,3.1260535717,queen4,SAT,0.8244897959
0.0938510511,0.246488185,1,70,2.9572119713,5.8377447128,queen4,SAT,0.8246938776
0.0937540629,0.2463765494,1,70,0.1655583382,2.8029184341,queen4,SAT,0.8248979592
0.0936544968,0.2462560982,1,70,0.3989403248,2.5609791279,queen4,SAT,0.8251020408
0.0935328706,0.2461297432,1,70,1.4815490246,2.4728281498,queen4,SAT,0.8253061224
0.0935217622,0.2460931937,1,70,1.8431296349,2.3330490589,queen4,SAT,0.8255102041
0.093367542,0.2459258089,1,70,2.9481418133,2.3688426018,queen11,SAT,0.8257142857
0.0932159815,0.2457575106,1,70,0.6156172752,7.7275459766,queen4,SAT,0.8259183673
0.0931011035,0.2456315972,1,70,0.7269678116,2.3966646194,queen4,SAT,0.826122449
0.0930130212,0.2455273874,0.9,70,0.1570892334,2.7027769089,queen4,SAT,0.8263265306
0.0928777477,0.2453548417,0.7,70,3.1538517475,2.3009393215,queen11,SAT,0.8265306122
0.0927777001,0.2452558646,1,70,0.8943181038,2.9126522541,queen4,SAT,0.8267346939
0.0927129225,0.2451625124,1,70,0.6105666161,2.4383943081,queen4,SAT,0.8269387755
0.0925755804,0.2450054659,0.9,70,2.8900530338,2.3012905121,queen11,SAT,0.8271428571
0.0924703421,0.2449059423,0.8,70,0.7030644417,4.3623988628,queen4,SAT,0.8273469388
0.0923811192,0.2447935741,0.9,70,0.3458189964,6.0933964252,queen4,SAT,0.8275510204
0.0922630696,0.2446762906,1,70,0.909576416,2.9038829803,queen4,SAT,0.827755102
0.0921553211,0.2445426807,1,70,4.4026939869,2.4604811668,queen11,SAT,0.8279591837
0.0920066512,0.2443818918,0.8,70,1.8734924793,2.379021883,queen4,SAT,0.8281632653
0.0918599094,0.2442195909,0.7,70,0.5673010349,3.0504655838,queen4,SAT,0.8283673469
0.0917250276,0.2440765449,1,70,0.1979031563,2.3276154995,queen4,SAT,0.8285714286
0.0915838743,0.2439267781,1,70,1.6839830875,3.037946701,queen4,SAT,0.8287755102
0.0914465117,0.2437762468,0.8,70,0.2121422291,2.4821610451,queen4,SAT,0.8289795918
0.0913027921,0.2436310614,1,70,0.1804075241,3.4833283424,queen4,SAT,0.8291836735
0.0911602355,0.2434697913,1,70,2.3422722816,2.7910790443,queen4,SAT,0.8293877551
0.0910788949,0.2433720338,1,70,0.705173254,2.4580328465,queen4,SAT,0.8295918367
0.0910055406,0.2432952506,1,70,0.2560892105,2.3397965431,queen4,SAT,0.8297959184
0.0908756529,0.2431370049,0.8,70,0.9355485439,4.327398777,queen4,SAT,0.83
0.090749798,0.2430035837,0.9,70,1.4342958927,2.9171795845,queen4,SAT,0.8302040816
0.0906224126,0.2428515905,0.9,70,1.8409845829,2.568395853,queen4,SAT,0.8304081633
0.0905241211,0.2427340733,0.9,70,0.1270620823,5.6895225048,queen4,SAT,0.8306122449
0.0903898942,0.2425966601,1,70,0.7202210426,2.3825631142,queen4,SAT,0.8308163265
0.0902517948,0.2424550816,0.4,70,2.084457159,2.5669603348,queen4,SAT,0.8310204082
0.0901328507,0.242327521,0.8,70,1.1077566147,2.822633028,queen4,SAT,0.8312244898
0.0899980569,0.2421788754,0.8,70,0.4315719604,2.3978362083,queen4,SAT,0.8314285714
0.0898610047,0.2420328192,0.8,70,0.3300993443,2.8982264996,queen4,SAT,0.8316326531
0.0897278468,0.2418873549,0.7,70,3.004704237,3.0918314457,queen4,SAT,0.8318367347
0.0896034097,0.2417477574,0.8,70,0.6892161369,2.8015620708,queen4,SAT,0.8320408163
0.0894685484,0.2416061769,1,70,0.5528640747,3.6010668278,queen4,SAT,0.832244898
0.0893581451,0.2414898022,1,70,1.6102204323,6.2624490261,queen4,SAT,0.8324489796
0.0892293748,0.2413537118,0.5,70,0.8980305195,2.3397789001,queen4,SAT,0.8326530612
0.0891107793,0.2412294902,0.9,70,1.3758580685,3.5855431557,queen4,SAT,0.8328571429
0.0890146097,0.2411218242,0.8,70,0.700220108,2.3279817104,queen4,SAT,0.8330612245
0.0889034602,0.2410039227,0.9,70,1.0979700089,5.0269181728,queen4,SAT,0.8332653061
0.0887959317,0.2408819016,0.9,70,1.5136222839,2.3865687847,queen4,SAT,0.8334693878
0.0886686964,0.2407449115,0.8,70,0.9104883671,2.7782816887,queen4,SAT,0.8336734694
0.0885432692,0.2406176072,1,70,0.6334869862,4.3813230991,queen4,SAT,0.833877551
0.088478368,0.2405378355,1,70,3.1456034184,2.4119005203,queen11,SAT,0.8340816327
0.0883641115,0.2404097844,0.8,70,0.5408353806,2.9667308331,queen4,SAT,0.8342857143
0.0882958385,0.2403361717,0.8,70,1.8634557724,2.3915433884,queen4,SAT,0.8344897959
0.0881912499,0.2402213969,1,70,1.0392818451,2.7958910465,queen4,SAT,0.8346938776
0.0880607061,0.2400801092,0.6,70,0.4248380661,2.7406356335,queen4,SAT,0.8348979592
0.0879384006,0.239940617,0.5,70,1.4269766808,2.469959259,queen4,SAT,0.8351020408
0.0878177984,0.2398031169,0.9,70,0.5237154961,2.8814730644,queen4,SAT,0.8353061224
0.0876948343,0.2396717854,1,70,0.9176223278,2.3168845177,queen4,SAT,0.8355102041
0.0875742489,0.2395370706,0.8,70,2.9851441383,3.3994984627,queen4,SAT,0.8357142857
0.0874524862,0.239403312,0.6,70,0.3416345119,2.5094075203,queen4,SAT,0.8359183673
0.0874051367,0.2393473872,1,70,8.9485247135,3.5678579807,queen11,SAT,0.836122449
0.087292801,0.239228696,0.9,70,0.1484060287,3.479809761,queen4,SAT,0.8363265306
0.087180091,0.239098764,0.7,70,2.9971563816,2.474108696,queen11,SAT,0.8365306122
0.0870681499,0.2389661499,0.9,70,1.0689351559,3.1531836987,queen4,SAT,0.8367346939
0.0869457664,0.2388429929,1,70,1.4218800068,2.3826196194,queen4,SAT,0.8369387755
0.0868390534,0.2387208722,1,70,0.1259489059,4.263160944,queen4,SAT,0.8371428571
0.0867164625,0.2385985094,0.5,70,0.6314892769,3.8683001995,queen4,SAT,0.8373469388
0.0865947925,0.2384692789,0.5,70,1.8977153301,2.4876089096,queen4,SAT,0.8375510204
0.0864874557,0.2383556709,1,70,0.690764904,2.2893900871,queen4,SAT,0.837755102
0.0864012203,0.2382606571,0.8,70,4.0285930634,2.322814703,queen11,SAT,0.8379591837
0.0862843144,0.238142588,0.8,70,0.4614896774,2.6302578449,queen4,SAT,0.8381632653
0.0861678879,0.238013324,0.7,70,0.7730288506,7.1969153881,queen4,SAT,0.8383673469
0.0860563271,0.2378948919,1,70,0.9557921886,2.3876485825,queen4,SAT,0.8385714286
0.0859443066,0.2377657487,1,70,11.3908908367,3.4953832626,queen11,SAT,0.8387755102
0.0858455854,0.2376544646,0.8,70,11.6739692688,2.3442399502,queen11,SAT,0.8389795918
0.0857409721,0.2375387382,1,70,2.4433941841,3.0608487129,queen4,SAT,0.8391836735
0.0856409114,0.2374364442,0.9,70,3.7559437752,5.6631486416,queen4,SAT,0.8393877551
0.0855365349,0.237329394,0.5,70,3.6104843616,3.5827043056,queen11,SAT,0.8395918367
0.0854249389,0.2372138059,1,70,2.0652480125,2.664285183,queen4,SAT,0.8397959184
0.0853159991,0.2370879424,0.8,70,1.3747785091,2.4633595943,queen4,SAT,0.84
0.0852061374,0.2369642373,0.6,70,1.0048518181,2.814987421,queen4,SAT,0.8402040816
0.0850924454,0.2368394493,0.3,70,1.7136468887,3.134660244,queen4,SAT,0.8404081633
0.0849783302,0.2367239682,0.7,70,1.4442586899,3.8243582249,queen4,SAT,0.8406122449
0.0848808043,0.2366209274,0.6,70,0.3470141888,2.4688854218,queen4,SAT,0.8408163265
0.0847702895,0.2365125455,0.2,70,1.0548923016,2.7027242184,queen4,SAT,0.8410204082
0.0846614347,0.2363883812,0.7,70,0.6766417027,2.5494344234,queen4,SAT,0.8412244898
0.0845494911,0.2362743584,0.9,70,0.3217754364,5.6615803242,queen4,SAT,0.8414285714
0.0844427312,0.2361684159,0.8,70,1.1102905273,3.5311505795,queen4,SAT,0.8416326531
0.0843384033,0.2360538952,1,70,1.3553557396,3.6653323174,queen4,SAT,0.8418367347
0.0842287666,0.2359394383,1,70,6.9935896397,4.5239541531,queen11,SAT,0.8420408163
0.0841243253,0.2358351136,0.6,70,2.7167606354,7.2069761753,queen4,SAT,0.842244898
0.0840204424,0.2357221232,0.7,70,1.7274458408,4.3960454464,queen4,SAT,0.8424489796
0.0839258601,0.2356051189,0.8,70,0.2417144775,2.5662374496,queen4,SAT,0.8426530612
0.0838180138,0.2354950964,0.9,70,0.909361124,3.3737099171,queen4,SAT,0.8428571429
0.083712675,0.2353883884,0.7,70,0.3787102699,2.5339758396,queen4,SAT,0.8430612245
0.0836074901,0.2352918324,0.7,70,0.4977769852,3.6148765087,queen4,SAT,0.8432653061
0.0835070337,0.2351740294,0.5,70,0.1360878944,2.8076345921,queen4,SAT,0.8434693878
0.083403966,0.2350609113,0.9,70,0.6499214172,2.3701989651,queen4,SAT,0.8436734694
0.0832967397,0.2349516211,0.8,70,0.1235098839,2.5479357243,queen4,SAT,0.843877551
0.0831969111,0.2348351684,0.7,70,1.0395555496,2.7042617798,queen4,SAT,0.8440816327
0.0830930559,0.234724972,0.8,70,3.8432388306,2.4602851868,queen11,SAT,0.8442857143
0.0829996611,0.234616762,1,70,0.80047822,2.6011071205,queen4,SAT,0.8444897959
0.082899351,0.2345179556,1,70,0.2753932476,27.1643481255,queen4,SAT,0.8446938776
0.0827974887,0.2344091336,0.8,70,1.6213965416,2.2884514332,queen4,SAT,0.8448979592
0.0827065143,0.2343056255,0.8,70,1.901487112,3.2886440754,queen4,SAT,0.8451020408
0.0826064946,0.2341948522,0.8,70,1.4651117325,3.0239949226,queen4,SAT,0.8453061224
0.0825084534,0.2340906758,0.8,70,2.4372601509,3.8806552887,queen4,SAT,0.8455102041
0.0824099213,0.2339752718,0.6,70,0.2385749817,2.3402862549,queen4,SAT,0.8457142857
0.0823161462,0.2338606305,0.7,70,1.1274626255,3.8411040306,queen4,SAT,0.8459183673
0.0822260117,0.2337669456,0.6,70,0.4903841019,3.1535151005,queen4,SAT,0.846122449
0.0821423737,0.2336673154,0.8,70,0.8646998405,2.5143039227,queen4,SAT,0.8463265306
0.082045583,0.2335688966,0.7,70,2.7860641479,3.5802354813,queen4,SAT,0.8465306122
0.0819486888,0.2334608791,0.3,70,0.1417741776,3.2379965782,queen4,SAT,0.8467346939
0.0818539406,0.2333595761,0.7,70,6.3866257668,4.8001766205,queen11,SAT,0.8469387755
0.0817596221,0.2332656608,0.3,70,0.1742458344,2.9635353088,queen4,SAT,0.8471428571
0.0816692152,0.2331609081,0.8,70,28.6211676598,4.29575634,queen11,SAT,0.8473469388
0.0815739845,0.233062659,0.5,70,0.3478224277,8.7911791801,queen4,SAT,0.8475510204
0.0814804615,0.2329823434,0.5,70,2.5969145298,5.2994663715,queen4,SAT,0.847755102
0.0813868584,0.2328806911,0.7,70,0.2224543095,2.5825452805,queen4,SAT,0.8479591837
0.0812958452,0.2327839773,0.8,70,2.342042923,3.0149183273,queen4,SAT,0.8481632653
0.0812019551,0.2326804327,1,70,1.9864139557,2.6922399998,queen4,SAT,0.8483673469
0.0811079574,0.2325812878,0.2,70,0.3011255264,2.5768637657,queen4,SAT,0.8485714286
0.0810205709,0.2324770486,0.9,70,0.3922345638,4.4161353111,queen4,SAT,0.8487755102
0.0809269346,0.232379981,0.4,70,1.5000739098,5.7049362659,queen4,SAT,0.8489795918
0.0808387071,0.2322852572,1,70,12.7687299252,5.9806492329,queen11,SAT,0.8491836735
0.0807499778,0.2321909507,0.8,70,24.0033872128,8.1141610146,queen11,SAT,0.8493877551
0.0806639212,0.23209306,0.6,70,6.1617157459,2.9081702232,queen11,SAT,0.8495918367
0.0805764702,0.2319946862,0.9,70,5.7863745689,2.5881228447,queen11,SAT,0.8497959184
0.0804852537,0.2319039431,0.3,70,3.045178175,3.9150784016,queen4,SAT,0.85
0.0803962936,0.2318168201,0.3,70,7.0759253502,2.6646261215,queen11,SAT,0.8502040816
0.0803085807,0.231726558,0.8,70,0.6474704742,2.7782950401,queen4,SAT,0.8504081633
0.0802169676,0.2316344795,0.7,70,1.4393048286,6.4222242832,queen4,SAT,0.8506122449
0.0801292907,0.2315412281,0.5,70,0.5193865299,5.9727346897,queen4,SAT,0.8508163265
0.0800412412,0.23144799,0.7,70,3.6665713787,4.0056977272,queen4,SAT,0.8510204082
0.0799520693,0.2313575889,1,70,3.8446316719,2.4178225994,queen11,SAT,0.8512244898
0.0798639954,0.2312665235,0.7,70,0.5165512562,5.2561881542,queen4,SAT,0.8514285714
0.0797767767,0.2311771451,0.4,70,0.5926663876,2.5937809944,queen4,SAT,0.8516326531
0.0796916343,0.2310850188,0.8,70,0.286714077,4.2941174507,queen4,SAT,0.8518367347
0.0796044973,0.230988411,0.9,70,0.142316103,2.4317555428,queen4,SAT,0.8520408163
0.0795184682,0.2308992306,0.5,70,10.3732042313,5.5844509602,queen11,SAT,0.852244898
0.0794353506,0.2308192242,0.4,70,1.2805407047,5.3652231693,queen4,SAT,0.8524489796
0.0793511198,0.2307415173,0.7,70,0.4617094994,2.2873747349,queen4,SAT,0.8526530612
0.0792670966,0.2306494298,0.4,70,1.2721693516,2.9470083714,queen4,SAT,0.8528571429
0.0791819037,0.2305596632,0.6,70,6.2182240486,3.0280554295,queen11,SAT,0.8530612245
0.079100101,0.2304756434,0.5,70,0.3808934689,2.5740721226,queen4,SAT,0.8532653061
0.0790139071,0.2303839068,0.1,70,0.2479469776,3.2462031841,queen4,SAT,0.8534693878
0.0789312064,0.2302949523,0.6,70,0.5477178097,3.0481746197,queen4,SAT,0.8536734694
0.0788457981,0.2302111486,0.5,70,24.4084661007,17.2066004276,queen11,SAT,0.853877551
0.0787641894,0.2301167004,0.2,70,5.642244339,2.9367723465,queen11,SAT,0.8540816327
0.0786837817,0.2300335315,0.5,70,0.9802565575,10.7758104801,queen4,SAT,0.8542857143
0.0786021309,0.2299508026,0.5,70,15.4248301983,5.0768043995,queen11,SAT,0.8544897959
0.0785253671,0.229876703,0.8,70,47.2807619572,19.7519497871,queen11,SAT,0.8546938776
0.0784458674,0.2297872676,0.7,70,7.4193954468,6.4636516571,queen11,SAT,0.8548979592
0.0783658006,0.2297003586,0.6,70,2.1884827614,6.5241625309,queen4,SAT,0.8551020408
0.0782843048,0.2296096678,0.1,70,0.8152196407,3.59421134,queen4,SAT,0.8553061224
0.0782036694,0.229519017,0.5,70,5.1500558853,12.6626982689,queen4,SAT,0.8555102041
0.0781212448,0.2294327485,0.7,70,6.6143240929,10.8724222183,queen4,SAT,0.8557142857
0.0780410259,0.2293422106,0.6,70,22.071757555,2.5379595757,queen11,SAT,0.8559183673
0.0779612809,0.2292546729,0.5,70,0.6482663155,5.1646716595,queen4,SAT,0.856122449
0.0778826757,0.2291703874,0.2,70,6.2316422462,3.3278887272,queen11,SAT,0.8563265306
0.0778091205,0.2290957842,0.5,70,1.7774057388,3.7338247299,queen4,SAT,0.8565306122
0.0777318608,0.2290093439,0.4,70,2.4594957829,6.2005364895,queen4,SAT,0.8567346939
0.0776534054,0.2289214957,0.1,70,2.4451198578,5.5998108387,queen4,SAT,0.8569387755
0.0775750531,0.2288346018,0.1,70,3.1028299332,3.2346742153,queen4,SAT,0.8571428571
0.0774987269,0.2287509639,0.2,70,3.0454332829,9.7236273289,queen4,SAT,0.8573469388
0.0774235322,0.2286660552,0.9,70,6.9863803387,5.2230472565,queen11,SAT,0.8575510204
0.0773476312,0.2285800968,0.1,70,1.1454753876,10.1781907082,queen4,SAT,0.857755102
0.0772692383,0.228493851,0.2,70,8.4546411037,2.3998081684,queen11,SAT,0.8579591837
0.0771935351,0.2284132126,0.5,70,2.4791517258,15.3198075294,queen4,SAT,0.8581632653
0.0771183364,0.2283265679,0.4,70,9.9127705097,2.5626504421,queen11,SAT,0.8583673469
0.0770444785,0.2282487133,0.8,70,3.4910411835,8.3157994747,queen4,SAT,0.8585714286
0.0769696515,0.2281693751,0.1,70,1.6254379749,2.5983834267,queen4,SAT,0.8587755102
0.076895029,0.228083677,0.5,70,3.9989001751,2.3018057346,queen11,SAT,0.8589795918
0.076819998,0.2279988788,0.2,70,0.6418054104,44.5499224663,queen4,SAT,0.8591836735
0.076745344,0.2279168796,0.1,70,1.1907684803,4.1582791805,queen4,SAT,0.8593877551
0.0766697929,0.2278310901,0.3,70,7.2931678295,4.3625721931,queen11,SAT,0.8595918367
0.0765956424,0.2277497696,0.1,70,6.2197539806,2.9678862095,queen11,SAT,0.8597959184
0.0765219097,0.227670254,0.5,70,8.6029360294,7.9220924377,queen11,SAT,0.86
0.0764483286,0.2275946664,0.6,70,5.5687630177,3.3709001541,queen11,SAT,0.8602040816
0.0763749987,0.2275332809,0.1,70,0.8804118633,4.0262210369,queen4,SAT,0.8604081633
0.0763034943,0.227454,0.6,70,7.0183281898,2.9385275841,queen11,SAT,0.8606122449
0.0762318329,0.2273737641,0.6,70,7.1987669468,2.7040417194,queen11,SAT,0.8608163265
0.0761626339,0.2272925648,0.5,70,5.94363451,8.7908365726,queen4,SAT,0.8610204082
0.0760907027,0.2272116031,0.2,70,0.9703812599,2.4032139778,queen4,SAT,0.8612244898
0.0760210962,0.2271334502,0.5,70,6.3497872353,6.0421791077,queen11,SAT,0.8614285714
0.0759470478,0.2270617655,0.1,70,16.315328598,5.7741248608,queen11,SAT,0.8616326531
0.0758782487,0.2269830413,0.3,70,2.436511755,3.0691981316,queen4,SAT,0.8618367347
0.0758085871,0.2269052223,0.3,70,3.2029428482,11.793995142,queen4,SAT,0.8620408163
0.07573837,0.226827162,0.4,70,2.0770437717,14.6585257053,queen4,SAT,0.862244898
0.0756669429,0.2267507571,0.4,70,6.4905543327,18.4972832203,queen4,SAT,0.8624489796
0.0755953691,0.22668042,0.4,70,5.1690196991,5.0344760418,queen11,SAT,0.8626530612
0.0755265464,0.2266039799,0.1,70,3.341193676,7.0047008991,queen4,SAT,0.8628571429
0.0754572294,0.2265338301,0.3,70,0.4177486897,9.2047228813,queen4,SAT,0.8630612245
0.0753902657,0.2264544059,0.2,70,3.0460410118,2.4847612381,queen11,SAT,0.8632653061
0.0753231228,0.2263770736,0,70,1.9298298359,3.4777805805,queen4,SAT,0.8634693878
0.0752541154,0.226296946,0.4,70,14.7243304253,10.4653112888,queen11,SAT,0.8636734694
0.0751883521,0.2262233333,0.2,70,2.6802642345,2.2951476574,queen11,SAT,0.863877551
0.0751217121,0.2261408521,0.2,70,5.2766206264,9.416103363,queen4,SAT,0.8640816327
0.075057205,0.2260641046,0.4,70,2.4486603737,7.2157902718,queen4,SAT,0.8642857143
0.0749882349,0.2259957155,0.3,70,0.5773236752,4.1698613167,queen4,SAT,0.8644897959
0.07492219,0.2259144078,0.4,70,1.9626066685,74.2564275265,queen4,SAT,0.8646938776
0.0748568218,0.2258404296,0.4,70,14.386370182,4.5030577183,queen11,SAT,0.8648979592
0.0747932785,0.2257627943,0.5,70,2.9280307293,9.4240684509,queen4,SAT,0.8651020408
0.0747249416,0.2256915954,0,70,1.5183069706,2.3852849007,queen4,SAT,0.8653061224
0.074658546,0.2256149524,0.2,70,18.9417610168,20.0489904881,queen4,SAT,0.8655102041
0.0745925664,0.2255463913,0.4,70,2.6780288219,5.0831105709,queen4,SAT,0.8657142857
0.0745273265,0.2254718076,0.3,70,1.4515051842,26.5162351131,queen4,SAT,0.8659183673
0.0744616749,0.2253927947,0,70,6.4093153477,15.0285925865,queen4,SAT,0.866122449
0.0743983992,0.2253187623,0.4,70,13.3718466759,9.5424363613,queen11,SAT,0.8663265306
0.0743350325,0.2252429164,0.3,70,0.2800970078,29.4620816708,queen4,SAT,0.8665306122
0.0742701789,0.2251709154,0.2,70,14.8688874245,6.5547668934,queen11,SAT,0.8667346939
0.0742066333,0.2251041189,0.4,70,2.7002453804,55.4988217354,queen4,SAT,0.8669387755
0.074141694,0.2250298383,0.6,70,4.5099329948,22.5427970886,queen4,SAT,0.8671428571
0.0740772099,0.2249576926,0.2,70,14.7832739353,16.6589560509,queen4,SAT,0.8673469388
0.0740154185,0.2248904398,0,70,4.9621965885,7.0729131699,queen4,SAT,0.8675510204
0.0739529293,0.2248154133,0.6,70,7.9556794167,3.8454473019,queen11,SAT,0.867755102
0.0738873581,0.2247457505,0.3,70,25.4111809731,15.119897604,queen11,SAT,0.8679591837
0.0738224291,0.2246782974,0,70,3.7998011112,7.7908697128,queen4,SAT,0.8681632653
0.0737622522,0.224608207,0,70,8.2190778255,20.2525863647,queen4,SAT,0.8683673469
0.0737016592,0.2245424042,0.1,70,2.3925793171,16.747081995,queen4,SAT,0.8685714286
0.0736403578,0.2244749647,0.6,70,45.2579607964,5.9304542542,queen11,SAT,0.8687755102
0.0735784407,0.2244082198,0.7,70,1.9485411644,23.3542785645,queen4,SAT,0.8689795918
0.0735158455,0.2243384213,0,70,5.5237071514,8.0804033279,queen4,SAT,0.8691836735
0.0734569043,0.2242722913,0,70,10.7385456562,39.4436078072,queen4,SAT,0.8693877551
0.0733946604,0.2242033188,0.3,70,7.2237832546,24.190166235,queen4,SAT,0.8695918367
0.0733349618,0.2241327052,0.1,70,21.6722104549,2.6400108337,queen11,SAT,0.8697959184
0.0732765119,0.2240609166,0.3,70,4.081890583,17.9538209438,queen4,SAT,0.87
0.0732153305,0.2239962226,0,70,7.4185173512,12.6644542217,queen4,SAT,0.8702040816
0.0731564,0.2239274665,0.2,70,46.1908230782,10.5223107338,queen11,SAT,0.8704081633
0.0730967041,0.2238627951,0.1,70,51.6349740028,19.8808658123,queen11,SAT,0.8706122449
0.0730387206,0.2237975677,0.5,70,1.1232321262,20.047368288,queen4,SAT,0.8708163265
0.0729784039,0.2237352724,0.4,70,5.4424097538,9.3399920464,queen4,SAT,0.8710204082
0.072918078,0.2236650329,0.2,70,5.932713747,3.625418663,queen11,SAT,0.8712244898
0.0728608506,0.2235957549,0.1,70,6.0427775383,47.246270895,queen4,SAT,0.8714285714
0.0728023815,0.2235260263,0,70,30.7621903419,21.8130226135,queen11,SAT,0.8716326531
0.0727449378,0.2234606008,0,70,3.278803587,15.8832511902,queen4,SAT,0.8718367347
0.0726859199,0.2233906015,0,70,0.1211211681,2.2608175278,queen4,UnSAT,0.8720408163
0.0726273504,0.2233290171,0,70,36.5382211208,28.6226172447,queen11,SAT,0.872244898
0.0725689761,0.2232682741,0.3,70,75.3001971245,8.9857895374,queen11,SAT,0.8724489796
0.0725104059,0.2232103918,0.6,70,44.0228369236,61.7627735138,queen4,SAT,0.8726530612
0.0724519366,0.2231448446,0.1,70,8.1785712242,8.9596352577,queen4,SAT,0.8728571429
0.0723948298,0.2230865695,0.4,70,11.9986617565,10.8481240273,queen11,SAT,0.8730612245
0.0723379135,0.2230228526,0,70,15.4659259319,14.1028428078,queen11,SAT,0.8732653061
0.0722805262,0.2229601583,0.1,70,0.6294612885,14.0513379574,queen4,SAT,0.8734693878
0.072223979,0.2228958021,0.3,70,13.4062907696,14.5780115128,queen4,SAT,0.8736734694
0.0721677631,0.2228348058,0.2,70,31.074559927,21.9208447933,queen11,SAT,0.873877551
0.0721101669,0.2227673202,0,70,52.4392302036,29.613048315,queen11,SAT,0.8740816327
0.0720538734,0.2227006153,0.2,70,10.6286273003,66.2829926014,queen4,SAT,0.8742857143
0.0720006994,0.2226359026,0.7,70,57.9576630592,102.0649502277,queen4,SAT,0.8744897959
0.0719430586,0.2225733945,0,70,32.2724783421,3.4176373482,queen11,SAT,0.8746938776
0.0718875835,0.222511404,0,70,14.2667572498,22.2248642445,queen4,SAT,0.8748979592
0.0718333215,0.2224497663,0.1,70,6.467856884,16.6767010689,queen4,SAT,0.8751020408
0.0717780116,0.2223877458,0.1,70,16.7539536953,20.6397953033,queen4,SAT,0.8753061224
0.0717222244,0.2223303535,0.2,70,6.2712421417,43.1189935207,queen4,SAT,0.8755102041
0.0716656546,0.2222684614,0,70,0.8617198467,16.9013376236,queen4,SAT,0.8757142857
0.0716117315,0.2222022107,0.1,70,45.5927100182,18.3908340931,queen11,SAT,0.8759183673
0.0715568182,0.2221413697,0.1,70,76.6580636501,191.450401783,queen4,SAT,0.876122449
0.0715045064,0.222082479,0,70,28.2231631279,5.3919446468,queen11,SAT,0.8763265306
0.0714495556,0.2220214765,0,70,49.3290345669,80.592353344,queen4,SAT,0.8765306122
0.0713957302,0.2219559566,0,70,6.0519776344,6.1837000847,queen4,SAT,0.8767346939
0.0713419237,0.2218911135,0.2,70,19.9064307213,8.7644820213,queen11,SAT,0.8769387755
0.0712884361,0.2218349286,0.4,70,24.2904782295,18.9726765156,queen11,SAT,0.8771428571
0.0712334929,0.2217700576,0.2,70,70.1066460609,23.8539574146,queen11,SAT,0.8773469388
0.0711814794,0.2217108131,0.1,70,35.0221936703,160.4748625755,queen4,SAT,0.8775510204
0.071129634,0.221651984,0,70,2.6786563396,9.888920784,queen4,SAT,0.877755102
0.0710788259,0.2215902095,0,70,8.5135288239,32.0588181019,queen4,SAT,0.8779591837
0.0710274078,0.2215312901,0.1,70,4.8653097153,29.4605491161,queen4,SAT,0.8781632653
0.0709762414,0.221470481,0,70,171.8090081215,312.3271319866,queen4,SAT,0.8783673469
0.0709253032,0.2214081096,0,70,9.1358060837,20.6328513622,queen4,SAT,0.8785714286
0.0708734666,0.2213454114,0,70,0.1852722168,76.6705806255,queen4,SAT,0.8787755102
0.0708229169,0.2212862105,0,70,11.9957611561,138.9162099361,queen4,SAT,0.8789795918
0.0707698893,0.2212356021,0.1,70,38.4084718227,72.2777383327,queen4,SAT,0.8791836735
0.0707172781,0.2211775259,0,70,77.2688770294,109.8633229733,queen4,SAT,0.8793877551
0.0706674594,0.2211324766,0.1,70,56.6712675095,49.9543759823,queen11,SAT,0.8795918367
0.0706160393,0.2210759663,0,70,23.837348938,65.5108752251,queen4,SAT,0.8797959184
0.0705647712,0.2210160567,0,70,27.6086678505,72.5926392078,queen4,SAT,0.88
0.0705118269,0.220951949,0,70,25.7335956097,4.7659494877,queen11,SAT,0.8802040816
0.0704619021,0.2208935686,0,70,58.2548787594,72.32325387,queen4,SAT,0.8804081633
0.0704115135,0.2208314314,0.3,70,8.6057808399,4.062871933,queen11,SAT,0.8806122449
0.0703607439,0.2207739234,0,70,69.2101323605,175.7534065247,queen4,SAT,0.8808163265
0.0703096913,0.2207202134,0,70,24.5464012623,345.0928807259,queen4,SAT,0.8810204082
0.0702591344,0.2206614011,0.1,70,12.3263576031,84.0639910698,queen4,SAT,0.8812244898
0.0702082088,0.2206061438,0.1,70,36.2338802814,52.706912756,queen4,SAT,0.8814285714
0.0701577645,0.2205517574,0,70,29.4348332882,25.9754405022,queen11,SAT,0.8816326531
0.0701086161,0.2204955474,0.2,70,166.5659213066,236.5896627903,queen4,SAT,0.8818367347
0.0700582935,0.2204457083,0,70,7.4478831291,69.8006944656,queen4,SAT,0.8820408163
0.0700090986,0.2203907213,0,70,497.1169915199,122.0143220425,queen11,SAT,0.882244898
0.069961271,0.2203458926,0,70,39.2478578091,64.7129645348,queen4,SAT,0.8824489796
0.0699129903,0.2202883435,0,70,85.6019454002,76.6864953041,queen11,SAT,0.8826530612
0.0698634164,0.2202362718,0.1,70,269.5081865788,2054.1094453335,queen4,SAT,0.8828571429
0.0698155034,0.2201808211,0,70,63.7121658325,17.5790157318,queen11,SAT,0.8830612245
0.0697649794,0.220128034,0,70,91.605994463,45.3702795506,queen11,SAT,0.8832653061
0.0697196671,0.2200760379,0.2,70,802.5023722649,2242.0564651489,queen4,SAT,0.8834693878
0.0696691695,0.2200230521,0,70,46.3148531914,60.4644467831,queen4,SAT,0.8836734694
0.0696199695,0.2199746858,0.1,70,210.6429572105,90.1772909164,queen11,SAT,0.883877551
0.0695719401,0.2199220441,0,70,22.8348479271,4.8899958134,queen11,SAT,0.8840816327
0.069523136,0.2198673132,0,70,505.0457413197,1039.3739850521,queen4,SAT,0.8842857143
0.069475407,0.2198097737,0,70,451.120098114,41.6546504498,queen11,SAT,0.8844897959
0.0694259516,0.2197555194,0,70,267.7995214462,355.7143111229,queen4,SAT,0.8846938776
0.0693775845,0.2196993387,0,70,84.5627110004,80.2927560806,queen11,SAT,0.8848979592
0.0693293956,0.2196466699,0,70,144.9092354774,43.3342380524,queen11,SAT,0.8851020408
0.069277717,0.2195901609,0,70,17.9467732906,65.4078354836,queen4,SAT,0.8853061224
0.0692298811,0.2195368681,0,70,143.8895077705,70.8618297577,queen11,SAT,0.8855102041
0.069180238,0.2194790342,0.1,70,30.875171423,34.1256222725,queen4,SAT,0.8857142857
0.0691328992,0.2194272117,0.3,70,4.9617204666,4.5657351017,queen11,SAT,0.8859183673
0.0690862372,0.219375715,0,70,189.7322022915,133.174880743,queen11,SAT,0.886122449
0.0690402811,0.2193248332,0,70,3.384468317,14.2514777184,queen4,SAT,0.8863265306
0.0689946186,0.2192767953,0.3,70,77.197476387,205.9715974331,queen4,SAT,0.8865306122
0.0689470751,0.2192254771,0,70,37.53251791,81.6160035133,queen4,SAT,0.8867346939
0.0689008026,0.2191715315,0,70,97.3496835232,67.1792631149,queen11,SAT,0.8869387755
0.0688546218,0.2191194945,0,70,11.4034490585,133.6620380878,queen4,SAT,0.8871428571
0.0688078158,0.219064326,0,70,55.8395411968,10.330514431,queen11,SAT,0.8873469388
0.0687607906,0.2190119605,0,70,202.4278159142,24.1607172489,queen11,SAT,0.8875510204
0.0687135994,0.218956148,0,70,18.5024662018,16.9111931324,queen11,SAT,0.887755102
0.0686674543,0.2189046008,0.1,70,4916.1582868099,5209.3097081184,queen4,SAT,0.8879591837
0.0686195995,0.2188506682,0,70,36.4928297997,3.6067967415,queen11,SAT,0.8881632653
0.068574492,0.218801656,0.1,70,0.1215035915,2.2026808262,queen4,UnSAT,0.8883673469
0.0685297641,0.2187590359,0,70,778.6276481152,3341.8073437214,queen4,SAT,0.8885714286
0.0684865643,0.218711753,0,70,22.9085609913,2.4588315487,queen11,SAT,0.8887755102
0.0684403854,0.2186607503,0.1,70,0.1249346733,2.2840671539,queen4,UnSAT,0.8889795918
0.0683955798,0.2186102381,0,70,32.4764053822,18.7760794163,queen11,SAT,0.8891836735
0.0683510821,0.2185543052,0,70,28.0709702969,31.086769104,queen4,SAT,0.8893877551
0.0683052785,0.2185031495,0,70,195.6825656891,59.300760746,queen11,SAT,0.8895918367
0.0682512731,0.218435931,0,70,32.6076872349,34.7974052429,queen4,SAT,0.8897959184
0.0681957572,0.2183724183,0,70,77.3490154743,169.5548682213,queen4,SAT,0.89
0.0681414553,0.2183100444,0,70,540.5056064129,1110.2472405434,queen4,SAT,0.8902040816
0.0680973183,0.2182573761,0,70,132.4087095261,8.7553212643,queen11,SAT,0.8904081633
0.0680586403,0.2182428618,0,70,385.0790193081,435.3288428783,queen4,SAT,0.8906122449
0.0680239421,0.2182357207,0,70,96.0296940804,5.6209955215,queen11,SAT,0.8908163265
0.0679879354,0.2182332314,0,70,43.2793922424,302.8884301186,queen4,SAT,0.8910204082
0.0679422104,0.2182345488,0,70,48.4227082729,863.9928355217,queen4,SAT,0.8912244898
0.0679072403,0.2182392896,0,70,35.4625890255,268.1681079865,queen4,SAT,0.8914285714
0.0678553307,0.2181971424,0,70,2330.9251885414,5909.9188754559,queen4,SAT,0.8916326531
0.0678170782,0.2182425706,0,70,63.3441574574,51.1063330173,queen11,SAT,0.8918367347
0.0677749376,0.2182412982,0,70,30.0981357098,38.186047554,queen4,SAT,0.8920408163
0.0677313858,0.2182210772,0,70,192.8412494659,60.4748384953,queen11,SAT,0.892244898
0.0676892162,0.2181977989,0.1,70,37.1754422188,35.1720736027,queen11,SAT,0.8924489796
0.0676468818,0.2181794702,0,70,13.7873980999,40.2511537075,queen4,SAT,0.8926530612
0.067605423,0.218178372,0.1,70,40.8440189362,11.9634382725,queen11,SAT,0.8928571429
0.0675599989,0.2181815322,0,70,84.2763264179,97.0501990318,queen4,SAT,0.8930612245
0.0675208612,0.2181910707,0,70,654.6834156513,621.0893790722,queen11,SAT,0.8932653061
0.0674772945,0.2181794969,0,70,5337.3592681885,13650.0515775681,queen4,SAT,0.8934693878
0.0674398419,0.2181731331,0,70,1536.4907310009,356.7663946152,queen11,SAT,0.8936734694
0.0674159181,0.218259215,0,70,205.778439045,653.4890978336,queen4,SAT,0.893877551
0.0673986359,0.2183691043,0,70,1233.587230444,2823.3014290333,queen4,SAT,0.8940816327
0.0673700336,0.2184168037,0,70,297.5390489101,355.9724185467,queen4,SAT,0.8942857143
0.0673375371,0.2184860298,0,70,0.1854221821,2.9419753551,queen4,UnSAT,0.8944897959
0.0673120958,0.2185765555,0,70,323.5921897888,310.0131099224,queen11,SAT,0.8946938776
0.0672861156,0.2186481285,0,70,38.3505008221,40.3889124393,queen4,SAT,0.8948979592
0.0672484138,0.2186257918,0.2,70,4.6112589836,1286.7478783131,queen4,SAT,0.8951020408
0.0672249547,0.2187346362,0,70,1380.9916372299,1479.227697134,queen4,SAT,0.8953061224
0.0671848863,0.21871986,0,70,11.0277719498,13.1491677761,queen4,SAT,0.8955102041
0.0671449993,0.2187119751,0,70,942.2464101315,740.19460392,queen11,SAT,0.8957142857
0.0671029678,0.2186873173,0,70,1584.8530836105,1692.4050703049,queen4,SAT,0.8959183673
0.0670604126,0.2186739303,0,70,156.5854227543,158.582764864,queen4,SAT,0.896122449
0.0670176671,0.218636767,0,70,2.9047265053,7.7584426403,queen4,SAT,0.8963265306
0.066968838,0.2186154625,0,70,314.5204479694,349.3430902958,queen4,SAT,0.8965306122
0.0669253109,0.2185769101,0,70,83.326672554,94.6905517578,queen4,SAT,0.8967346939
0.0668830205,0.2185570399,0,70,2983.5896735191,6230.3750872612,queen4,SAT,0.8969387755
0.0668473338,0.2185466174,0,70,258.0520038605,225.3366525173,queen11,SAT,0.8971428571
0.0668059858,0.2185200899,0,70,2829.4009730816,3217.4290623665,queen4,SAT,0.8973469388
0.0667660414,0.2185180502,0,70,161.0425803661,157.2652437687,queen11,SAT,0.8975510204
0.0667307159,0.2185414727,0,70,121.3053331375,142.014811039,queen4,SAT,0.897755102
0.0666964709,0.2185141594,0,70,1203.1808559895,1098.2131524086,queen11,SAT,0.8979591837
0.0666527916,0.2185048739,0,70,1169.6969738007,1255.3505284786,queen4,SAT,0.8981632653
0.0666104872,0.2184869338,0,70,1397.9378786087,1220.0079805851,queen11,SAT,0.8983673469
0.0665723631,0.2184715083,0,70,285.0761725903,329.6810200214,queen4,SAT,0.8985714286
0.066532125,0.2184476786,0,70,3.5931327343,5.739597559,queen4,SAT,0.8987755102
0.0664902723,0.218422628,0,70,1259.5214216709,1251.4810314179,queen11,SAT,0.8989795918
0.0664607732,0.2184357401,0,70,42.5470175743,55.3752691746,queen4,SAT,0.8991836735
0.0664237195,0.2184164351,0,70,5.4123704433,7.677397728,queen4,SAT,0.8993877551
0.0663826016,0.21839399,0,70,125.7227156162,125.4669294357,queen11,SAT,0.8995918367
0.0663459839,0.2183999755,0,70,15.432898283,16.8301370144,queen4,SAT,0.8997959184
0.066311638,0.2183776435,0,70,5.2622442245,7.1770939827,queen4,SAT,0.9
0.0662695446,0.2183651338,0,70,8.2137084007,10.1280975342,queen4,SAT,0.9002040816
0.0662327668,0.2183486369,0,70,240.0115425587,242.521425724,queen4,SAT,0.9004081633
0.0661925479,0.2183344642,0,70,60.2303876877,67.9206767082,queen4,SAT,0.9006122449
0.0661554541,0.2183288507,0,70,68.3313202858,62.0318388939,queen11,SAT,0.9008163265
0.0661191281,0.2183373331,0,70,1.8079135418,4.3261182308,queen4,SAT,0.9010204082
0.0660761035,0.2183527084,0,70,4.7643375397,7.3645031452,queen4,SAT,0.9012244898
0.0660369182,0.2183454802,0,70,115.654270649,125.0287492275,queen4,SAT,0.9014285714
0.0659971737,0.2183304916,0,70,75.570990324,74.5294556618,queen11,SAT,0.9016326531
0.0659641039,0.218328193,0,70,132.4788184166,140.3939101696,queen4,SAT,0.9018367347
0.0659241854,0.218313812,0,70,19.7249937057,22.4907636642,queen4,SAT,0.9020408163
0.0658845688,0.2183064155,0,70,3.1792788506,5.4059689045,queen4,SAT,0.902244898
0.0658390002,0.2182473701,0,70,14.7986056805,15.9342081547,queen4,SAT,0.9024489796
0.0658010093,0.2182448094,0,70,43.9532234669,42.9947361946,queen11,SAT,0.9026530612
0.0657648551,0.2182346016,0,70,0.2540655136,2.7183406353,queen4,UnSAT,0.9028571429
0.0657212059,0.2182227119,0,70,0.1182665825,2.4878327847,queen4,UnSAT,0.9030612245
0.0656895069,0.2182781275,0,70,46.6185393333,53.2582108974,queen4,SAT,0.9032653061
0.0656531595,0.2182524499,0,70,2.645973444,4.9611549377,queen4,SAT,0.9034693878
0.0656168944,0.2182456802,0,70,1.0787339211,3.1702582836,queen4,SAT,0.9036734694
0.0655852174,0.2182547794,0,70,1.0250375271,2.968944788,queen4,SAT,0.903877551
0.0655433348,0.2182532961,0,70,0.1868474483,2.455302,queen4,SAT,0.9040816327
0.0655127592,0.2182776312,0,70,3.2641088963,5.2639007568,queen4,SAT,0.9042857143
0.0654793143,0.2182785863,0,70,0.7576031685,3.1009197235,queen4,SAT,0.9044897959
0.0654405925,0.2182717387,0,70,1.8360464573,4.2142193317,queen4,SAT,0.9046938776
0.0654052898,0.2182575084,0,70,7.6216154099,8.9964852333,queen4,SAT,0.9048979592
0.0653658945,0.2182519779,0,70,20.122975111,20.8480062485,queen4,SAT,0.9051020408
0.0653294742,0.2182461615,0,70,0.2448346615,2.6551196575,queen4,UnSAT,0.9053061224
0.0652943004,0.2182242549,0,70,18.9740805626,21.0665869713,queen4,SAT,0.9055102041
0.0652604011,0.2182137321,0,70,0.2051522732,2.6632769108,queen4,UnSAT,0.9057142857
0.0652289775,0.2182292136,0,70,0.3669989109,2.6932692528,queen4,SAT,0.9059183673
0.0651993794,0.2182567543,0,70,0.6222105026,2.8505802155,queen4,SAT,0.906122449
0.0651640015,0.2182718271,0,70,1.8849756718,4.3392472267,queen4,SAT,0.9063265306
0.0651318283,0.2182536069,0,70,0.1335208416,2.5545871258,queen4,UnSAT,0.9065306122
0.065095183,0.2182711545,0,70,0.4091339111,2.6473860741,queen4,SAT,0.9067346939
0.0650622199,0.2182718991,0,70,1.189125061,3.4908165932,queen4,SAT,0.9069387755
0.0650318968,0.2182799232,0,70,0.2331058979,2.4365746975,queen4,UnSAT,0.9071428571
0.0649974322,0.2182910191,0,70,25.6192836761,32.5205845833,queen4,SAT,0.9073469388
0.0649650712,0.2182971353,0,70,4.9591808319,7.4756565094,queen4,SAT,0.9075510204
0.0649290629,0.2182759287,0,70,0.7157940865,3.1145124435,queen4,SAT,0.907755102
0.0648993282,0.2182620579,0,70,1.5402920246,3.9186680317,queen4,SAT,0.9079591837
0.0648663004,0.2182537057,0,70,0.5611245632,2.8401141167,queen4,SAT,0.9081632653
0.0648377818,0.2182601793,0,70,0.9764153957,3.1638071537,queen4,SAT,0.9083673469
0.0648044956,0.2182440455,0,70,0.1424150467,2.5289604664,queen4,SAT,0.9085714286
0.0647764676,0.2182847471,0,70,0.239957571,2.5367546082,queen4,SAT,0.9087755102
0.0647420936,0.2183065913,0,70,0.1499607563,2.4209215641,queen4,UnSAT,0.9089795918
0.0647106103,0.2183469685,0,70,0.1868956089,2.5265402794,queen4,UnSAT,0.9091836735
0.0646757168,0.218363706,0,70,0.1488904953,2.4911744595,queen4,UnSAT,0.9093877551
0.0646447793,0.2183680603,0,70,5.1030118465,7.3053686619,queen4,SAT,0.9095918367
0.0646141435,0.2183449601,0,70,0.150282383,2.6058783531,queen4,UnSAT,0.9097959184
0.0645774022,0.2183576338,0,70,1.317122221,3.7435538769,queen4,SAT,0.91
0.0645461835,0.2183914418,0,70,0.6574718952,2.9516932964,queen4,SAT,0.9102040816
0.064513165,0.2183923322,0,70,0.3542659283,2.5143761635,queen4,SAT,0.9104081633
0.0644885655,0.2183927851,0,70,0.5729999542,2.6680164337,queen4,SAT,0.9106122449
0.0644557204,0.218410752,0,70,0.6542751789,2.8148398399,queen4,SAT,0.9108163265
0.0644245436,0.218424173,0,70,0.2280201912,2.4957492352,queen4,UnSAT,0.9110204082
0.0643896646,0.2184377667,0,70,0.6585814953,2.968583107,queen4,SAT,0.9112244898
0.0643537794,0.2184351857,0,70,3.2593662739,5.1611042023,queen4,SAT,0.9114285714
0.0643247936,0.2184127014,0,70,0.1471087933,2.5507524014,queen4,SAT,0.9116326531
0.0642980713,0.2184232079,0,70,0.3934912682,2.6882088184,queen4,SAT,0.9118367347
0.0642638378,0.218439633,0,70,0.2248883247,2.585878849,queen4,UnSAT,0.9120408163
0.0642336216,0.2184450319,0,70,1.2464733124,3.3365752697,queen4,SAT,0.912244898
0.0642087333,0.2184640632,0,70,0.3987395763,2.4766039848,queen4,SAT,0.9124489796
0.0641759623,0.2184817078,0,70,0.1431796551,2.423812151,queen4,UnSAT,0.9126530612
0.0641450104,0.2184875142,0,70,3.025646925,5.5128259659,queen4,SAT,0.9128571429
0.0641088292,0.2184660151,0,70,0.5903453827,2.6611132622,queen4,SAT,0.9130612245
0.0640816021,0.2184848517,0,70,0.2421143055,2.5792074203,queen4,SAT,0.9132653061
0.0640533955,0.2185166088,0,70,0.4358127117,2.7477722168,queen4,SAT,0.9134693878
0.0640225112,0.2185342186,0,70,0.2497534752,2.4764397144,queen4,SAT,0.9136734694
0.0639932183,0.2185512945,0,70,0.1802697182,2.5434033871,queen4,SAT,0.913877551
0.0639578544,0.2185570456,0,70,0.1437129974,2.7142570019,queen4,UnSAT,0.9140816327
0.0639215809,0.2185522505,0,70,0.154712677,2.4630968571,queen4,UnSAT,0.9142857143
0.0638927776,0.2185750875,0,70,0.2391691208,2.5727767944,queen4,UnSAT,0.9144897959
0.063861803,0.2185646042,0,70,0.1281650066,2.5332460403,queen4,SAT,0.9146938776
0.0638324817,0.2185895227,0,70,0.3648703098,2.5949742794,queen4,SAT,0.9148979592
0.0637993247,0.2186024798,0,70,0.2042484283,2.5099034309,queen4,SAT,0.9151020408
0.0637718564,0.2186329375,0,70,0.225279808,2.6649224758,queen4,SAT,0.9153061224
0.0637396992,0.2186294434,0,70,0.1211309433,2.5987305641,queen4,UnSAT,0.9155102041
0.0637111865,0.2186283853,0,70,0.2605903149,2.5387897491,queen4,SAT,0.9157142857
0.0636824544,0.2186390064,0,70,0.1482157707,2.5483174324,queen4,SAT,0.9159183673
0.0636550747,0.2186535798,0,70,0.1585514545,2.5378007889,queen4,SAT,0.916122449
0.0636249279,0.2186662011,0,70,0.1590182781,2.4558537006,queen4,SAT,0.9163265306
0.0635914698,0.218673968,0,70,0.1644816399,2.8235254288,queen4,SAT,0.9165306122
0.063562948,0.2186982539,0,70,0.2301552296,2.5267350674,queen4,UnSAT,0.9167346939
0.0635303784,0.2187101792,0,70,0.1601483822,2.4248654842,queen4,SAT,0.9169387755
0.0635058687,0.2187444423,0,70,0.2425365448,2.4542183876,queen4,SAT,0.9171428571
0.0634766688,0.2187694685,0,70,0.1275360584,2.4008867741,queen4,UnSAT,0.9173469388
0.0634464488,0.2187828936,0,70,0.2960827351,2.5542156696,queen4,SAT,0.9175510204
0.0634155731,0.2188059934,0,70,0.193146944,2.6142139435,queen4,SAT,0.917755102
0.0633860177,0.2187968602,0,70,0.1530463696,2.6056373119,queen4,UnSAT,0.9179591837
0.0633530461,0.2187934056,0,70,0.1603350639,2.4972352982,queen4,UnSAT,0.9181632653
0.0633269511,0.2188326146,0,70,0.2354869843,2.5534512997,queen4,UnSAT,0.9183673469
0.0632952167,0.218817933,0,70,0.1293308735,2.4793455601,queen4,UnSAT,0.9185714286
0.0632649494,0.2188310542,0,70,0.232640028,2.6367413998,queen4,UnSAT,0.9187755102
0.0632368389,0.218813659,0,70,0.1469881535,2.546672821,queen4,UnSAT,0.9189795918
0.0632118673,0.2188316153,0,70,0.2311770916,2.5219464302,queen4,UnSAT,0.9191836735
0.0631814811,0.2188323779,0,70,0.1393027306,2.5570580959,queen4,SAT,0.9193877551
0.0631554043,0.2188641693,0,70,0.2120535374,2.4171652794,queen4,SAT,0.9195918367
0.0631261944,0.2188691865,0,70,0.155192852,2.4486768246,queen4,UnSAT,0.9197959184
0.0631036141,0.2189255219,0,70,0.1480021477,2.465274334,queen4,UnSAT,0.92
0.0630760637,0.2189591111,0,70,0.148162365,2.3847043514,queen4,UnSAT,0.9202040816
0.0630509063,0.2189852999,0,70,0.2319076061,2.5027611256,queen4,UnSAT,0.9204081633
0.0630210137,0.2190014517,0,70,0.1573312283,2.4845945835,queen4,SAT,0.9206122449
0.0629942328,0.2190338929,0,70,0.2138421535,2.5980904102,queen4,UnSAT,0.9208163265
0.0629665155,0.2190395523,0,70,0.1728761196,2.424908638,queen4,SAT,0.9210204082
0.0629387048,0.2190453105,0,70,0.2238218784,2.7039966583,queen4,SAT,0.9212244898
0.062912141,0.2190717014,0,70,0.1426529884,2.4320018291,queen4,SAT,0.9214285714
0.0628873947,0.2191038969,0,70,0.2612874508,2.592353344,queen4,SAT,0.9216326531
0.0628598816,0.219131087,0,70,0.1509811878,2.3891973495,queen4,UnSAT,0.9218367347
0.0628362889,0.2191572219,0,70,0.2268946171,2.5040662289,queen4,UnSAT,0.9220408163
0.0628065139,0.2191915917,0,70,0.1436257362,2.4415934086,queen4,SAT,0.922244898
0.0627807521,0.2192244278,0,70,0.1677556038,2.6597263813,queen4,SAT,0.9224489796
0.0627525347,0.2192327226,0,70,0.1840322018,2.3754477501,queen4,UnSAT,0.9226530612
0.0627269581,0.219261802,0,70,0.177185297,2.4961879253,queen4,SAT,0.9228571429
0.0627029198,0.2193138405,0,70,0.1202993393,2.3577647209,queen4,UnSAT,0.9230612245
0.0626753175,0.2193286955,0,70,0.1464393139,2.6709074974,queen4,UnSAT,0.9232653061
0.0626454353,0.219334512,0,70,0.1552634239,2.4379382133,queen4,UnSAT,0.9234693878
0.0626310437,0.2193962477,0,70,0.137609005,2.3923358917,queen4,SAT,0.9236734694
0.0626007212,0.2194055491,0,70,0.1651299,2.5523271561,queen4,SAT,0.923877551
0.0625700008,0.219409068,0,70,0.2622692585,2.5605289936,queen4,UnSAT,0.9240816327
0.0625454838,0.2194243908,0,70,0.1526107788,2.5158429146,queen4,UnSAT,0.9242857143
0.0625192702,0.2194203099,0,70,0.1872997284,2.6205711365,queen4,SAT,0.9244897959
0.0624873336,0.2194431161,0,70,0.1455590725,2.4808106422,queen4,SAT,0.9246938776
0.06246238,0.2194689274,0,70,0.2353236675,2.5972781181,queen4,UnSAT,0.9248979592
0.0624322339,0.2194805283,0,70,0.1732678413,2.3869178295,queen4,UnSAT,0.9251020408
0.0624065176,0.2195077946,0,70,0.1592338085,2.5217814445,queen4,UnSAT,0.9253061224
0.0623863543,0.2195271522,0,70,0.1847300529,2.5282995701,queen4,SAT,0.9255102041
0.0623581142,0.2195282107,0,70,0.2518930435,2.6651041508,queen4,UnSAT,0.9257142857
0.0623324055,0.2195042357,0,70,0.1267049313,2.4747304916,queen4,UnSAT,0.9259183673
0.0623084541,0.2195413182,0,70,0.2247009277,2.4140322208,queen4,UnSAT,0.926122449
0.0622848537,0.2195733354,0,70,0.1576378345,2.4509170055,queen4,UnSAT,0.9263265306
0.0622608165,0.2196310055,0,70,0.1219437122,2.3425028324,queen4,SAT,0.9265306122
0.0622402461,0.2196783483,0,70,0.2136538029,2.5213513374,queen4,UnSAT,0.9267346939
0.0622139195,0.2196837224,0,70,0.1335852146,2.3891015053,queen4,UnSAT,0.9269387755
0.0621925761,0.2197176404,0,70,0.2019145489,2.5301265717,queen4,UnSAT,0.9271428571
0.0621704137,0.219735393,0,70,0.1395969391,2.4637258053,queen4,UnSAT,0.9273469388
0.0621513778,0.2197864397,0,70,0.2093081474,2.4313676357,queen4,UnSAT,0.9275510204
0.0621257366,0.2197887774,0,70,0.1626198292,2.4849152565,queen4,UnSAT,0.927755102
0.0621036001,0.2197968254,0,70,0.2359135151,2.5422489643,queen4,UnSAT,0.9279591837
0.0620755051,0.2197918504,0,70,0.1421570778,2.5897285938,queen4,UnSAT,0.9281632653
0.0620550088,0.2198120891,0,70,0.1829609871,2.5350515842,queen4,UnSAT,0.9283673469
0.0620319103,0.2198247669,0,70,0.1458427906,2.4347176552,queen4,UnSAT,0.9285714286
0.0620086763,0.2198678456,0,70,0.1386442184,2.5260243416,queen4,UnSAT,0.9287755102
0.0619825512,0.2198726101,0,70,0.1653258801,2.4740257263,queen4,UnSAT,0.9289795918
0.061958642,0.2198777543,0,70,0.2342438698,2.5367388725,queen4,UnSAT,0.9291836735
0.0619353915,0.2198922803,0,70,0.160220623,2.5238957405,queen4,UnSAT,0.9293877551
0.0619076635,0.2198830348,0,70,0.1692903042,2.6814701557,queen4,UnSAT,0.9295918367
0.0618850503,0.2198910914,0,70,0.157658577,2.4809248447,queen4,UnSAT,0.9297959184
0.0618645119,0.2199625901,0,70,0.1224076748,2.332583189,queen4,UnSAT,0.93
0.0618403112,0.2199788172,0,70,0.1255865097,2.5062401295,queen4,UnSAT,0.9302040816
0.0618170538,0.2199854856,0,70,0.2419607639,2.5579891205,queen4,UnSAT,0.9304081633
0.0617873132,0.2199984579,0,70,0.1519382,2.4398019314,queen4,UnSAT,0.9306122449
0.0617684192,0.2200622348,0,70,0.1525104046,2.4363057613,queen4,UnSAT,0.9308163265
0.0617400135,0.2200775818,0,70,0.1470253468,2.487303257,queen4,UnSAT,0.9310204082
0.0617169438,0.2200931867,0,70,0.1904740334,2.4421892166,queen4,UnSAT,0.9312244898
0.0616940052,0.2200845419,0,70,0.2077038288,2.5840587616,queen4,UnSAT,0.9314285714
0.061667526,0.2200859657,0,70,0.1732714176,2.5512533188,queen4,UnSAT,0.9316326531
0.0616409862,0.2200892137,0,70,0.1846590042,2.5063402653,queen4,SAT,0.9318367347
0.061618429,0.2201246751,0,70,0.2359890938,2.536796093,queen4,UnSAT,0.9320408163
0.0615883958,0.2201179916,0,70,0.1277601719,2.4952151775,queen4,UnSAT,0.932244898
0.0615652713,0.2201419388,0,70,0.2288892269,2.4633684158,queen4,UnSAT,0.9324489796
0.061540668,0.2201338515,0,70,0.222641468,2.5151743889,queen4,UnSAT,0.9326530612
0.0615157998,0.2201357047,0,70,0.2120029926,2.8936283588,queen4,UnSAT,0.9328571429
0.0614911909,0.2201240711,0,70,0.1301498413,2.4787783623,queen4,UnSAT,0.9330612245
0.0614661541,0.2201470875,0,70,0.1571290493,2.4291853905,queen4,UnSAT,0.9332653061
0.0614443424,0.220181672,0,70,0.1391034126,2.4775311947,queen4,UnSAT,0.9334693878
0.0614219207,0.2202034967,0,70,0.1547114849,2.5211689472,queen4,UnSAT,0.9336734694
0.0613916503,0.2202049079,0,70,0.1629374027,2.4316737652,queen4,UnSAT,0.933877551
0.0613712139,0.2202470697,0,70,0.2403006554,2.4205319881,queen4,UnSAT,0.9340816327
0.0613459459,0.2202651158,0,70,0.145029068,2.5306282043,queen4,UnSAT,0.9342857143
0.0613203721,0.2202781104,0,70,0.1553308964,2.5269887447,queen4,UnSAT,0.9344897959
0.0612978881,0.2202879003,0,70,0.1423985958,2.391933918,queen4,UnSAT,0.9346938776
0.061292352,0.2203475689,0,70,0.1202459335,2.4048380852,queen4,UnSAT,0.9348979592
0.0612752407,0.2203829073,0,70,0.185461998,2.4419267178,queen4,UnSAT,0.9351020408
0.0612510615,0.2204105,0,70,0.2342660427,2.4394462109,queen4,UnSAT,0.9353061224
0.0612261171,0.2204092242,0,70,0.1576616764,2.4843254089,queen4,UnSAT,0.9355102041
0.0611993568,0.2204069093,0,70,0.2068715096,2.8100390434,queen4,UnSAT,0.9357142857
0.0611739998,0.220403842,0,70,0.133919239,2.5684549809,queen4,UnSAT,0.9359183673
0.0611516289,0.2204224767,0,70,0.1713514328,2.6341397762,queen4,UnSAT,0.936122449
0.0611280567,0.2204148901,0,70,0.152456522,2.5228288174,queen4,UnSAT,0.9363265306
0.0611037394,0.2204074911,0,70,0.2011625767,2.5426626205,queen4,UnSAT,0.9365306122
0.0610767324,0.2204090334,0,70,0.1475932598,2.5961983204,queen4,UnSAT,0.9367346939
0.0610551193,0.2204337234,0,70,0.1560220718,2.567640543,queen4,UnSAT,0.9369387755
0.0610294385,0.2204303289,0,70,0.1466057301,2.4086027145,queen4,UnSAT,0.9371428571
0.0610037682,0.220434122,0,70,0.1523454189,2.6931684017,queen4,UnSAT,0.9373469388
0.0609805119,0.2204451682,0,70,0.1719169617,2.4566206932,queen4,UnSAT,0.9375510204
0.0609629154,0.2204683942,0,70,0.2100393772,2.4558172226,queen4,UnSAT,0.937755102
0.060938143,0.220483616,0,70,0.1457242966,2.5392651558,queen4,UnSAT,0.9379591837
0.060918572,0.2204994927,0,70,0.2636084557,2.4979174137,queen4,UnSAT,0.9381632653
0.0608940305,0.2205171328,0,70,0.1481404305,2.4221003056,queen4,UnSAT,0.9383673469
0.0608760161,0.2205227081,0,70,0.2172205448,2.6778149605,queen4,UnSAT,0.9385714286
0.0608555027,0.2205255981,0,70,0.2057356834,2.3904855251,queen4,UnSAT,0.9387755102
0.0608334067,0.2205488785,0,70,0.1608161926,2.5778090954,queen4,UnSAT,0.9389795918
0.0608106283,0.2205594165,0,70,0.1378939152,2.5404343605,queen4,UnSAT,0.9391836735
0.0607887747,0.2205686242,0,70,0.2322313786,2.5160653591,queen4,UnSAT,0.9393877551
0.0607629982,0.2205671272,0,70,0.1475162506,2.4304716587,queen4,UnSAT,0.9395918367
0.06075067,0.2206245938,0,70,0.158370018,2.4673645496,queen4,UnSAT,0.9397959184
0.060724672,0.2206105362,0,70,0.1625123024,2.5253500938,queen4,UnSAT,0.94
0.0607061487,0.2206220388,0,70,0.2345597744,2.5025649071,queen4,UnSAT,0.9402040816
0.0606887677,0.2206512849,0,70,0.1408603191,2.4038834572,queen4,UnSAT,0.9404081633
0.0606740951,0.2207131493,0,70,0.148444891,2.3433663845,queen4,UnSAT,0.9406122449
0.060652247,0.2207547993,0,70,0.1441528797,2.3788628578,queen4,UnSAT,0.9408163265
0.0606290092,0.2207477584,0,70,0.1763737202,2.5856125355,queen4,UnSAT,0.9410204082
0.0606026038,0.2207531634,0,70,0.2241966724,2.6309111118,queen4,UnSAT,0.9412244898
0.0605821619,0.2207543327,0,70,0.1892831326,2.4275186062,queen4,UnSAT,0.9414285714
0.0605621135,0.2207638078,0,70,0.2003428936,2.4190993309,queen4,UnSAT,0.9416326531
0.0605450947,0.2207952432,0,70,0.1541657448,2.4592239857,queen4,UnSAT,0.9418367347
0.0605254926,0.2208410647,0,70,0.1228172779,2.3471620083,queen4,UnSAT,0.9420408163
0.0605161554,0.2208578481,0,70,0.228468895,2.3760273457,queen4,UnSAT,0.942244898
0.0604933743,0.2208723617,0,70,0.1736505032,2.4331009388,queen4,UnSAT,0.9424489796
0.0604708604,0.2208905396,0,70,0.2147066593,2.5847408772,queen4,UnSAT,0.9426530612
0.0604480723,0.2208804322,0,70,0.1563372612,2.4422307014,queen4,UnSAT,0.9428571429
0.0604236818,0.2208845555,0,70,0.1577951908,2.8292315006,queen4,UnSAT,0.9430612245
0.060399018,0.2208699971,0,70,0.1510119438,2.4867901802,queen4,UnSAT,0.9432653061
0.0603784315,0.2208881906,0,70,0.2358326912,2.4363746643,queen4,UnSAT,0.9434693878
0.060356811,0.2209125632,0,70,0.1326701641,2.4284255505,queen4,UnSAT,0.9436734694
0.0603367142,0.2209348127,0,70,0.2354140282,2.6008701324,queen4,UnSAT,0.943877551
0.0603147992,0.2209195515,0,70,0.1332798004,2.4029078484,queen4,UnSAT,0.9440816327
0.060287827,0.2209214629,0,70,0.1503221989,2.8302268982,queen4,UnSAT,0.9442857143
0.060267054,0.2209071959,0,70,0.1655216217,2.5112886429,queen4,UnSAT,0.9444897959
0.0602479536,0.2209211273,0,70,0.1943192482,2.5880486965,queen4,UnSAT,0.9446938776
0.0602284294,0.2209298134,0,70,0.166223526,2.4212348461,queen4,UnSAT,0.9448979592
0.0602105141,0.2209806751,0,70,0.2154340744,2.3576335907,queen4,UnSAT,0.9451020408
0.0601878536,0.2209935128,0,70,0.1579213142,2.4124598503,queen4,UnSAT,0.9453061224
0.0601685855,0.2210113438,0,70,0.2327091694,2.5113272667,queen4,UnSAT,0.9455102041
0.0601469908,0.2210256295,0,70,0.1304414272,2.5231592655,queen4,UnSAT,0.9457142857
0.060129372,0.2210291718,0,70,0.1553122997,2.539077282,queen4,UnSAT,0.9459183673
0.0601066272,0.2210237075,0,70,0.1470060349,2.5567736626,queen4,UnSAT,0.946122449
0.0600901467,0.221046334,0,70,0.2273976803,2.4467201233,queen4,UnSAT,0.9463265306
0.0600703822,0.2210568232,0,70,0.1511580944,2.4185700417,queen4,UnSAT,0.9465306122
0.0600530872,0.2210697104,0,70,0.2245063782,2.6523888111,queen4,UnSAT,0.9467346939
0.060031909,0.2210544829,0,70,0.1364939213,2.4545788765,queen4,UnSAT,0.9469387755
0.0600112083,0.2210670958,0,70,0.1600091457,2.4447164536,queen4,UnSAT,0.9471428571
0.0599969968,0.2211058299,0,70,0.1170182228,2.3797280788,queen4,UnSAT,0.9473469388
0.0599777329,0.2211168078,0,70,0.2230932713,2.4466331005,queen4,UnSAT,0.9475510204
0.0599546772,0.2211355621,0,70,0.1657466888,2.4598402977,queen4,UnSAT,0.947755102
0.059935589,0.2211643262,0,70,0.1514003277,2.678668499,queen4,UnSAT,0.9479591837
0.0599165738,0.2211477382,0,70,0.1481485367,2.4653398991,queen4,UnSAT,0.9481632653
0.059900552,0.2211640912,0,70,0.2044351101,2.5749409199,queen4,UnSAT,0.9483673469
0.0598823757,0.2211861254,0,70,0.1764028072,2.4080774784,queen4,UnSAT,0.9485714286
0.0598641702,0.2212254332,0,70,0.2315385342,2.5032052994,queen4,UnSAT,0.9487755102
0.059843176,0.2212440574,0,70,0.142539978,2.4754214287,queen4,UnSAT,0.9489795918
0.0598228422,0.2212411409,0,70,0.202252388,2.5657610893,queen4,UnSAT,0.9491836735
0.0598039773,0.2212565648,0,70,0.1701700687,2.5466902256,queen4,UnSAT,0.9493877551
0.0597783527,0.2212581423,0,70,0.2047049999,2.5453679562,queen4,UnSAT,0.9495918367
0.0597605929,0.2212684106,0,70,0.1723222733,2.4209301472,queen4,UnSAT,0.9497959184
0.0597424139,0.2213335159,0,70,0.1250002384,2.3535954952,queen4,UnSAT,0.95
0.0597217845,0.2213498165,0,70,0.127171278,2.5451917648,queen4,UnSAT,0.9502040816
0.0597012737,0.2213479102,0,70,0.1770095825,2.5162217617,queen4,UnSAT,0.9504081633
0.0596856114,0.2213506189,0,70,0.1442930698,2.4667651653,queen4,UnSAT,0.9506122449
0.0596679945,0.2213712184,0,70,0.2454068661,2.4420676231,queen4,UnSAT,0.9508163265
0.0596452036,0.2213680841,0,70,0.161744833,2.4161908627,queen4,UnSAT,0.9510204082
0.0596324915,0.2214036093,0,70,0.1714713573,2.4357936382,queen4,UnSAT,0.9512244898
0.0596114713,0.2214015661,0,70,0.2055559158,2.4388997555,queen4,UnSAT,0.9514285714
0.0595902963,0.2214230853,0,70,0.1847298145,2.4942500591,queen4,UnSAT,0.9516326531
0.0595728706,0.2214719181,0,70,0.1279382706,2.3582818508,queen4,UnSAT,0.9518367347
0.0595529423,0.2214994599,0,70,0.2110702991,2.5522964001,queen4,UnSAT,0.9520408163
0.0595313093,0.2214943782,0,70,0.1909184456,2.4225156307,queen4,UnSAT,0.952244898
0.0595140303,0.2215379997,0,70,0.181848526,2.4202818871,queen4,UnSAT,0.9524489796
0.0594959525,0.2215686456,0,70,0.1702871323,2.4123721123,queen4,UnSAT,0.9526530612
0.0594771942,0.2215840155,0,70,0.2349114418,2.4417767525,queen4,UnSAT,0.9528571429
0.0594550622,0.2215915855,0,70,0.1414237022,2.382278204,queen4,UnSAT,0.9530612245
0.0594424375,0.2216333985,0,70,0.1874587536,2.4565324783,queen4,UnSAT,0.9532653061
0.0594240812,0.2216505162,0,70,0.1388070583,2.3992304802,queen4,UnSAT,0.9534693878
0.0594056943,0.2216641099,0,70,0.2309286594,2.4647381306,queen4,UnSAT,0.9536734694
0.0593880349,0.2216757095,0,70,0.1679821014,2.4341220856,queen4,UnSAT,0.953877551
0.0593758995,0.2217031489,0,70,0.225508213,2.4792644978,queen4,UnSAT,0.9540816327
0.0593543547,0.2217009905,0,70,0.1522049904,2.3938171864,queen4,UnSAT,0.9542857143
0.0593392238,0.2217367699,0,70,0.2344412804,2.3848426342,queen4,UnSAT,0.9544897959
0.0593176535,0.2217566199,0,70,0.1297707558,2.5140726566,queen4,UnSAT,0.9546938776
0.0592971733,0.2217549818,0,70,0.1536893845,2.7557845116,queen4,UnSAT,0.9548979592
0.0592771358,0.2217498105,0,70,0.2261095047,2.512172699,queen4,UnSAT,0.9551020408
0.059254602,0.2217387267,0,70,0.1529836655,2.6372089386,queen4,UnSAT,0.9553061224
0.0592347147,0.221746906,0,70,0.1996326447,2.3988389969,queen4,UnSAT,0.9555102041
0.0592246525,0.2217699192,0,70,0.2253308296,2.4937341213,queen4,UnSAT,0.9557142857
0.0592037227,0.2217900094,0,70,0.1618783474,2.3876326084,queen4,UnSAT,0.9559183673
0.059184652,0.2217854283,0,70,0.146999836,2.6249353886,queen4,UnSAT,0.956122449
0.059165202,0.2218039751,0,70,0.1422536373,2.5257444382,queen4,UnSAT,0.9563265306
0.0591632823,0.2218372023,0,70,0.1925032139,2.3839564323,queen4,UnSAT,0.9565306122
0.0591469106,0.2218420881,0,70,0.211728096,2.3425419331,queen4,UnSAT,0.9567346939
0.0591267062,0.2218395353,0,70,0.1728241444,2.7145600319,queen4,UnSAT,0.9569387755
0.0591085832,0.2218310072,0,70,0.1711502075,2.4227097034,queen4,UnSAT,0.9571428571
0.0590921331,0.2218618506,0,70,0.2316565514,2.5294947624,queen4,UnSAT,0.9573469388
0.0590726062,0.2218677814,0,70,0.1711268425,2.5145456791,queen4,UnSAT,0.9575510204
0.0590534864,0.2218939983,0,70,0.2459933758,2.4499206543,queen4,UnSAT,0.957755102
0.0590354783,0.2219021535,0,70,0.13844347,2.4269680977,queen4,UnSAT,0.9579591837
0.059018857,0.2219077572,0,70,0.2022414207,2.7522308826,queen4,UnSAT,0.9581632653
0.0590000086,0.2219278598,0,70,0.186852932,2.3431317806,queen4,UnSAT,0.9583673469
0.0589831466,0.2219528378,0,70,0.2215220928,2.3850667477,queen4,UnSAT,0.9585714286
0.0589659303,0.2219621136,0,70,0.1348307133,2.3863902092,queen4,UnSAT,0.9587755102
0.0589483999,0.2219709937,0,70,0.2327377796,2.6241848469,queen4,UnSAT,0.9589795918
0.0589305496,0.2219749247,0,70,0.1785848141,2.370247364,queen4,UnSAT,0.9591836735
0.0589097957,0.2219894465,0,70,0.1803863049,2.7657899857,queen4,UnSAT,0.9593877551
0.0588904408,0.2219720911,0,70,0.1255991459,2.4279177189,queen4,UnSAT,0.9595918367
0.0588683295,0.2219701064,0,70,0.1795320511,2.7628872395,queen4,UnSAT,0.9597959184
0.058845667,0.2219592794,0,70,0.1492791176,2.5031473637,queen4,UnSAT,0.96
0.0588309507,0.2219617436,0,70,0.2510285378,2.7356159687,queen4,UnSAT,0.9602040816
0.0588099913,0.2219436837,0,70,0.1302206516,2.4911649227,queen4,UnSAT,0.9604081633
0.0587907467,0.2219562783,0,70,0.1582388878,2.5326838493,queen4,UnSAT,0.9606122449
0.0587736363,0.2219747979,0,70,0.1759724617,2.4706923962,queen4,UnSAT,0.9608163265
0.0587566306,0.2219946104,0,70,0.1661372185,2.4781002998,queen4,UnSAT,0.9610204082
0.0587395164,0.2220029154,0,70,0.1731801033,2.5675225258,queen4,UnSAT,0.9612244898
0.0587201278,0.2219936257,0,70,0.1748030186,2.8561799526,queen4,UnSAT,0.9614285714
0.0587018521,0.2219794202,0,70,0.1422276497,2.4898784161,queen4,UnSAT,0.9616326531
0.0586860804,0.2220129128,0,70,0.2214033604,2.4723017216,queen4,UnSAT,0.9618367347
0.0586667718,0.2220231839,0,70,0.1702840328,2.4339723587,queen4,UnSAT,0.9620408163
0.0586476811,0.2220482459,0,70,0.1605298519,2.6528651714,queen4,UnSAT,0.962244898
0.0586436238,0.2220475207,0,70,0.1662447453,2.321546793,queen4,UnSAT,0.9624489796
0.0586223754,0.2220480431,0,70,0.1781835556,2.7242233753,queen4,UnSAT,0.9626530612
0.0586027696,0.2220584515,0,70,0.1771090031,2.4112224579,queen4,UnSAT,0.9628571429
0.0585893502,0.2220628355,0,70,0.2358293533,2.4871797562,queen4,UnSAT,0.9630612245
0.0585738807,0.2220792027,0,70,0.1664459705,2.4231677055,queen4,UnSAT,0.9632653061
0.0585608744,0.2221325788,0,70,0.1741366386,2.4663772583,queen4,UnSAT,0.9634693878
0.0585384673,0.2221215648,0,70,0.2274215221,2.4079618454,queen4,UnSAT,0.9636734694
0.0585267309,0.222136338,0,70,0.2284355164,2.4328658581,queen4,UnSAT,0.963877551
0.0585127931,0.2221449269,0,70,0.1500601768,2.4865841866,queen4,UnSAT,0.9640816327
0.0584955801,0.2221566059,0,70,0.1775763035,2.4330999851,queen4,UnSAT,0.9642857143
0.0584828843,0.2221699697,0,70,0.1806373596,2.3685441017,queen4,UnSAT,0.9644897959
0.0584688052,0.2221843167,0,70,0.2516517639,2.6227891445,queen4,UnSAT,0.9646938776
0.0584497828,0.2221870327,0,70,0.1692388058,2.4229874611,queen4,UnSAT,0.9648979592
0.0584376325,0.2222103647,0,70,0.232657671,2.3746824265,queen4,UnSAT,0.9651020408
0.0584223583,0.222233788,0,70,0.1571886539,2.4189703465,queen4,UnSAT,0.9653061224
0.0584034356,0.2222363261,0,70,0.2353200912,2.5877130032,queen4,UnSAT,0.9655102041
0.058386672,0.2222445493,0,70,0.1542766094,2.4389789104,queen4,UnSAT,0.9657142857
0.0583752939,0.2223026471,0,70,0.1345243454,2.3025231361,queen4,UnSAT,0.9659183673
0.0583601144,0.2223155079,0,70,0.1493308544,2.4299654961,queen4,UnSAT,0.966122449
0.058345124,0.2223400662,0,70,0.2441058159,2.492171526,queen4,UnSAT,0.9663265306
0.0583285256,0.2223354454,0,70,0.1596324444,2.4004499912,queen4,UnSAT,0.9665306122
0.0583129202,0.2223602877,0,70,0.1595096588,2.4454166889,queen4,UnSAT,0.9667346939
0.058299279,0.2224025536,0,70,0.1281058788,2.3244292736,queen4,UnSAT,0.9669387755
0.0582845765,0.2224276309,0,70,0.2346115112,2.4932293892,queen4,UnSAT,0.9671428571
0.0582690517,0.2224314046,0,70,0.1420857906,2.423582077,queen4,UnSAT,0.9673469388
0.0582503559,0.222438064,0,70,0.1512670517,2.8587930202,queen4,UnSAT,0.9675510204
0.0582298834,0.2224212762,0,70,0.1528794765,2.566378355,queen4,UnSAT,0.967755102
0.0582154965,0.2224295402,0,70,0.2352490425,2.5301730633,queen4,UnSAT,0.9679591837
0.0581995324,0.2224392881,0,70,0.1515934467,2.3912541866,queen4,UnSAT,0.9681632653
0.0581874205,0.2224931286,0,70,0.130243063,2.4297530651,queen4,UnSAT,0.9683673469
0.0581678119,0.2224773729,0,70,0.1520965099,2.5060606003,queen4,UnSAT,0.9685714286
0.0581484153,0.2224671448,0,70,0.1455070972,2.8550810814,queen4,UnSAT,0.9687755102
0.0581285992,0.222450765,0,70,0.1424124241,2.4547667503,queen4,UnSAT,0.9689795918
0.0581113456,0.2224525316,0,70,0.2107689381,2.5171937943,queen4,UnSAT,0.9691836735
0.0580957279,0.222471965,0,70,0.1430513859,2.5454080105,queen4,UnSAT,0.9693877551
0.0580809373,0.2224765968,0,70,0.1913175583,2.5421745777,queen4,UnSAT,0.9695918367
0.0580623023,0.222495802,0,70,0.1884899139,2.3455414772,queen4,UnSAT,0.9697959184
0.0580458296,0.2225144253,0,70,0.2346971035,2.6133363247,queen4,UnSAT,0.97
0.0580309007,0.2224968648,0,70,0.1307039261,2.5016772747,queen4,UnSAT,0.9702040816
0.0580159596,0.2225140743,0,70,0.2323596478,2.4933178425,queen4,UnSAT,0.9704081633
0.0580037011,0.2225201073,0,70,0.170886755,2.4709639549,queen4,UnSAT,0.9706122449
0.0579908099,0.222566426,0,70,0.1668429375,2.3492262363,queen4,UnSAT,0.9708163265
0.0579767943,0.2225996965,0,70,0.1624150276,2.3749272823,queen4,UnSAT,0.9710204082
0.0579603588,0.2225966706,0,70,0.2140729427,2.6211209297,queen4,UnSAT,0.9712244898
0.0579451951,0.2225961132,0,70,0.1500432491,2.4331383705,queen4,UnSAT,0.9714285714
0.0579339815,0.2226336288,0,70,0.1612796783,2.4596221447,queen4,UnSAT,0.9716326531
0.0579131502,0.2226333407,0,70,0.1569344997,2.4043896198,queen4,UnSAT,0.9718367347
0.057894488,0.2226556443,0,70,0.1521062851,2.594217062,queen4,UnSAT,0.9720408163
0.0578746335,0.2226459132,0,70,0.1994533539,2.4542012215,queen4,UnSAT,0.972244898
0.0578536482,0.222645107,0,70,0.2238714695,2.868915081,queen4,UnSAT,0.9724489796
0.057834991,0.2226314629,0,70,0.1494069099,2.4830572605,queen4,UnSAT,0.9726530612
0.0578171703,0.2226425075,0,70,0.236386776,2.5086507797,queen4,UnSAT,0.9728571429
0.0578039446,0.2226536994,0,70,0.1413486004,2.4372220039,queen4,UnSAT,0.9730612245
0.0577977748,0.222701888,0,70,0.1673018932,2.353212595,queen4,UnSAT,0.9732653061
0.0577838256,0.2227083034,0,70,0.1493446827,2.4936394691,queen4,UnSAT,0.9734693878
0.0577684225,0.222717986,0,70,0.1937139034,2.5055756569,queen4,UnSAT,0.9736734694
0.0577555463,0.2227167272,0,70,0.2159600258,2.3772547245,queen4,UnSAT,0.973877551
0.0577447187,0.2227544919,0,70,0.1500554085,2.5745899677,queen4,UnSAT,0.9740816327
0.057727622,0.2227598503,0,70,0.1668496132,2.4507889748,queen4,UnSAT,0.9742857143
0.0577127793,0.2227624351,0,70,0.2725224495,2.5036942959,queen4,UnSAT,0.9744897959
0.0576948116,0.222763681,0,70,0.140078783,2.549854517,queen4,UnSAT,0.9746938776
0.0576809336,0.2227688748,0,70,0.2297687531,2.5500087738,queen4,UnSAT,0.9748979592
0.0576639073,0.2227748398,0,70,0.1472327709,2.3683998585,queen4,UnSAT,0.9751020408
0.0576494862,0.2228150851,0,70,0.1397008896,3.0575168133,queen4,UnSAT,0.9753061224
0.05762846,0.2227944267,0,70,0.2097034454,2.566391468,queen4,UnSAT,0.9755102041
0.0576104027,0.2227809269,0,70,0.1576993465,2.6108021736,queen4,UnSAT,0.9757142857
0.0575940186,0.2227938901,0,70,0.1485180855,2.4201989174,queen4,UnSAT,0.9759183673
0.0575843362,0.2228157308,0,70,0.1864295006,2.4854750633,queen4,UnSAT,0.976122449
0.0575658009,0.2228147579,0,70,0.1580278873,2.3763985634,queen4,UnSAT,0.9763265306
0.0575498133,0.2228285859,0,70,0.2162013054,2.6944932938,queen4,UnSAT,0.9765306122
0.0575341545,0.2228574093,0,70,0.1191227436,2.3975272179,queen4,UnSAT,0.9767346939
0.0575218592,0.2228663594,0,70,0.2275030613,2.4615335464,queen4,UnSAT,0.9769387755
0.0575033169,0.2228870051,0,70,0.1770226955,2.3665225506,queen4,UnSAT,0.9771428571
0.057486053,0.2228965401,0,70,0.1795983315,2.8317131996,queen4,UnSAT,0.9773469388
0.0574701895,0.2228894989,0,70,0.1363928318,2.4818120003,queen4,UnSAT,0.9775510204
0.0574577171,0.2229060421,0,70,0.2378294468,2.4490604401,queen4,UnSAT,0.977755102
0.0574428112,0.2229200623,0,70,0.1607453823,2.4666223526,queen4,UnSAT,0.9779591837
0.0574282351,0.2229271096,0,70,0.2034907341,2.8272109032,queen4,UnSAT,0.9781632653
0.0574098333,0.2229069532,0,70,0.1505753994,2.5419785976,queen4,UnSAT,0.9783673469
0.0573943299,0.2228977799,0,70,0.2025589943,2.6857919693,queen4,UnSAT,0.9785714286
0.0573844581,0.2229195587,0,70,0.1417667866,2.423525095,queen4,UnSAT,0.9787755102
0.0573725968,0.2229592277,0,70,0.1672801971,2.4010722637,queen4,UnSAT,0.9789795918
0.0573616076,0.2230012741,0,70,0.119566679,2.345713377,queen4,UnSAT,0.9791836735
0.0573590484,0.2230398939,0,70,0.1751298904,2.4312345982,queen4,UnSAT,0.9793877551
0.0573395163,0.2230316345,0,70,0.1522459984,2.425491333,queen4,UnSAT,0.9795918367
0.0573296418,0.2230534146,0,70,0.2419223785,2.365031004,queen4,UnSAT,0.9797959184
0.0573119949,0.2230586902,0,70,0.1831772327,2.6371657848,queen4,UnSAT,0.98
0.0572945629,0.2230571514,0,70,0.1978209019,2.6455919743,queen4,UnSAT,0.9802040816
0.0572775839,0.2230653779,0,70,0.1580612659,2.4342691898,queen4,UnSAT,0.9804081633
0.0572677865,0.2231097997,0,70,0.1775968075,2.4250710011,queen4,UnSAT,0.9806122449
0.0572539708,0.2231111791,0,70,0.1522352695,2.4757027626,queen4,UnSAT,0.9808163265
0.0572381381,0.2231206884,0,70,0.2260019779,2.5362510681,queen4,UnSAT,0.9810204082
0.0572202733,0.223128986,0,70,0.1653895378,2.4677278996,queen4,UnSAT,0.9812244898
0.0572124984,0.2231789073,0,70,0.1240656376,2.3007552624,queen4,UnSAT,0.9814285714
0.0571964521,0.2231908751,0,70,0.1267750263,2.5143961906,queen4,UnSAT,0.9816326531
0.0571824636,0.2232023719,0,70,0.2303452492,2.5003120899,queen4,UnSAT,0.9818367347
0.0571669802,0.2232237247,0,70,0.1776075363,2.4427456856,queen4,UnSAT,0.9820408163
0.0571553043,0.2232393354,0,70,0.2151675224,2.5819854736,queen4,UnSAT,0.982244898
0.0571418422,0.2232510567,0,70,0.1692194939,2.5668570995,queen4,UnSAT,0.9824489796
0.0571265016,0.2232415528,0,70,0.1899940968,2.5656685829,queen4,UnSAT,0.9826530612
0.0571096608,0.2232514851,0,70,0.1435012817,2.4074709415,queen4,UnSAT,0.9828571429
0.0570949197,0.223265063,0,70,0.1632692814,2.5738954544,queen4,UnSAT,0.9830612245
0.0570780247,0.2232737331,0,70,0.1757669449,2.3935797215,queen4,UnSAT,0.9832653061
0.0570657086,0.2232945791,0,70,0.229612112,2.5110454559,queen4,UnSAT,0.9834693878
0.0570507019,0.2232901355,0,70,0.1434175968,2.6151525974,queen4,UnSAT,0.9836734694
0.0570402623,0.2233002986,0,70,0.2318029404,2.4462513924,queen4,UnSAT,0.983877551
0.0570246594,0.2233070568,0,70,0.1585350037,2.4305996895,queen4,UnSAT,0.9840816327
0.0570080303,0.2232988131,0,70,0.1433539391,2.8353040218,queen4,UnSAT,0.9842857143
0.0569919636,0.2232822068,0,70,0.1297619343,2.4619271755,queen4,UnSAT,0.9844897959
0.0569813835,0.2233105621,0,70,0.2107949257,2.3634178638,queen4,UnSAT,0.9846938776
0.0569651741,0.22332668,0,70,0.1543052197,2.5355343819,queen4,UnSAT,0.9848979592
0.0569506089,0.2233209865,0,70,0.1677627563,2.5665996075,queen4,UnSAT,0.9851020408
0.0569375482,0.2233218505,0,70,0.2337062359,2.5875525475,queen4,UnSAT,0.9853061224
0.0569259252,0.2232991481,0,70,0.2202575207,2.598638773,queen4,UnSAT,0.9855102041
0.0569107226,0.2232971515,0,70,0.1624846458,2.4033229351,queen4,UnSAT,0.9857142857
0.056902657,0.2233441389,0,70,0.1442322731,2.4728472233,queen4,UnSAT,0.9859183673
0.0568878371,0.2233226192,0,70,0.1286680698,2.4599375725,queen4,UnSAT,0.986122449
0.0568748788,0.2233262595,0,70,0.2065422535,2.6519360542,queen4,UnSAT,0.9863265306
0.0568608737,0.2233230123,0,70,0.1371657848,2.5393037796,queen4,UnSAT,0.9865306122
0.0568459745,0.2233144534,0,70,0.1620419025,2.7005417347,queen4,UnSAT,0.9867346939
0.0568319933,0.22331441,0,70,0.1731805801,2.6319413185,queen4,UnSAT,0.9869387755
0.0568185065,0.2233271074,0,70,0.2486190796,2.5194096565,queen4,UnSAT,0.9871428571
0.0567999664,0.223322044,0,70,0.1571705341,2.4348480701,queen4,UnSAT,0.9873469388
0.0567934093,0.2233591657,0,70,0.159897089,2.3503410816,queen4,UnSAT,0.9875510204
0.0567799649,0.2233848743,0,70,0.1492447853,2.4150381088,queen4,UnSAT,0.987755102
0.0567639623,0.2233723538,0,70,0.1601543427,2.6939466,queen4,UnSAT,0.9879591837
0.0567460879,0.2233917954,0,70,0.1776487827,2.4609401226,queen4,UnSAT,0.9881632653
0.0567351364,0.2234045477,0,70,0.1521205902,2.5778799057,queen4,UnSAT,0.9883673469
0.0567199013,0.223409848,0,70,0.1898779869,2.4571678638,queen4,UnSAT,0.9885714286
0.0567084392,0.223420653,0,70,0.2430782318,2.5298817158,queen4,UnSAT,0.9887755102
0.0566970786,0.2234383671,0,70,0.1431560516,2.4482433796,queen4,UnSAT,0.9889795918
0.0566876329,0.2234743285,0,70,0.1642756462,2.3581833839,queen4,UnSAT,0.9891836735
0.0566782412,0.2235125799,0,70,0.1223220825,2.2944357395,queen4,UnSAT,0.9893877551
0.0566676389,0.2235423481,0,70,0.2379915714,2.5207214355,queen4,UnSAT,0.9895918367
0.0566513839,0.2235307705,0,70,0.1581377983,2.4495282173,queen4,UnSAT,0.9897959184
0.0566416829,0.2235640336,0,70,0.2062838078,2.4784486294,queen4,UnSAT,0.99
0.056630876,0.2235753046,0,70,0.1704995632,2.4872810841,queen4,UnSAT,0.9902040816
0.0566214288,0.2235794615,0,70,0.2402534485,2.5245392323,queen4,UnSAT,0.9904081633
0.0566060232,0.2235945206,0,70,0.1963713169,2.4029209614,queen4,UnSAT,0.9906122449
0.056593799,0.2236146717,0,70,0.2382423878,2.5226869583,queen4,UnSAT,0.9908163265
0.0565759053,0.2236081692,0,70,0.1402950287,2.5006332397,queen4,UnSAT,0.9910204082
0.0565672368,0.2236127854,0,70,0.2323448658,2.5956299305,queen4,UnSAT,0.9912244898
0.056552961,0.2236320516,0,70,0.1585958004,2.3357813358,queen4,UnSAT,0.9914285714
0.0565411263,0.2236659216,0,70,0.1620790958,2.425262928,queen4,UnSAT,0.9916326531
0.0565278005,0.2236998067,0,70,0.1342365742,2.4434645176,queen4,UnSAT,0.9918367347
0.0565124214,0.2236907849,0,70,0.1603171825,2.761551857,queen4,UnSAT,0.9920408163
0.0564991025,0.2236984172,0,70,0.1467282772,2.3724620342,queen4,UnSAT,0.992244898
0.0564862259,0.2237284811,0,70,0.2458574772,2.5669460297,queen4,UnSAT,0.9924489796
0.0564684949,0.2237075913,0,70,0.135625124,2.4664261341,queen4,UnSAT,0.9926530612
0.0564569654,0.2237179991,0,70,0.2342560291,2.5811533928,queen4,UnSAT,0.9928571429
0.0564430772,0.223711183,0,70,0.1432380676,2.5698378086,queen4,UnSAT,0.9930612245
0.0564294742,0.2237207906,0,70,0.1502490044,2.6084442139,queen4,UnSAT,0.9932653061
0.0564156657,0.2237233163,0,70,0.1905324459,2.4228255749,queen4,UnSAT,0.9934693878
0.0564017804,0.2237255296,0,70,0.1787378788,2.8021521568,queen4,UnSAT,0.9936734694
0.0563842945,0.2237158999,0,70,0.1549391747,2.5239570141,queen4,UnSAT,0.993877551
0.0563702917,0.223717427,0,70,0.2145190239,2.6676723957,queen4,UnSAT,0.9940816327
0.0563575101,0.2237247224,0,70,0.2311017513,2.486014843,queen4,UnSAT,0.9942857143
0.0563560017,0.2237469826,0,70,0.1367609501,2.4218695164,queen4,UnSAT,0.9944897959
0.0563423104,0.223737858,0,70,0.1550886631,2.5334529877,queen4,UnSAT,0.9946938776
0.0563295519,0.2237496605,0,70,0.2391102314,2.5666267872,queen4,UnSAT,0.9948979592
0.0563135329,0.223764639,0,70,0.1522805691,2.3665730953,queen4,UnSAT,0.9951020408
0.0563009285,0.223763226,0,70,0.2660467625,2.5563616753,queen4,UnSAT,0.9953061224
0.0562880489,0.2237771001,0,70,0.1388702393,2.4731094837,queen4,UnSAT,0.9955102041
0.0562761735,0.2237995731,0,70,0.2334573269,2.5677258968,queen4,UnSAT,0.9957142857
0.0562610371,0.2238070861,0,70,0.1722974777,2.4162416458,queen4,UnSAT,0.9959183673
0.0562474767,0.2238034494,0,70,0.2078411579,2.5815680027,queen4,UnSAT,0.996122449
0.0562363991,0.2238192066,0,70,0.1376302242,2.3828167915,queen4,UnSAT,0.9963265306
0.0562245259,0.2238464911,0,70,0.2329754829,2.437554121,queen4,UnSAT,0.9965306122
0.0562151428,0.2238205322,0,70,0.1307485104,2.5226457119,queen4,UnSAT,0.9967346939
0.0562023647,0.2238422444,0,70,0.2310225964,2.5260498524,queen4,UnSAT,0.9969387755
0.0561881698,0.2238504016,0,70,0.1626796722,2.4884250164,queen4,UnSAT,0.9971428571
0.0561794616,0.2238998453,0,70,0.1265349388,2.2881302834,queen4,UnSAT,0.9973469388
0.0561661885,0.2239179428,0,70,0.1691923141,2.4935338497,queen4,UnSAT,0.9975510204
0.0561508613,0.2239103731,0,70,0.1599760056,2.7830822468,queen4,UnSAT,0.997755102
0.0561366492,0.2239222079,0,70,0.1575126648,2.3753962517,queen4,UnSAT,0.9979591837
0.0561236458,0.2239424649,0,70,0.1517665386,2.5386915207,queen4,UnSAT,0.9981632653
0.0561092816,0.2239483482,0,70,0.1634776592,2.3967812061,queen4,UnSAT,0.9983673469
0.0560956425,0.2239527073,0,70,0.216823101,2.6693208218,queen4,UnSAT,0.9985714286
0.0560824478,0.2239653378,0,70,0.1440229416,2.3995087147,queen4,UnSAT,0.9987755102
0.0560770116,0.2239826183,0,70,0.1699442863,2.6001133919,queen4,UnSAT,0.9989795918
0.0560642968,0.223995256,0,70,0.1583452225,2.44567132,queen4,UnSAT,0.9991836735
0.0560510235,0.2239979037,0,70,0.2557146549,2.5334019661,queen4,UnSAT,0.9993877551
0.0560400192,0.2240004288,0,70,0.202940464,2.5425288677,queen4,UnSAT,0.9995918367
0.0560242076,0.2239858261,0,70,0.1772243977,2.5963170528,queen4,UnSAT,0.9997959184
