0.95,0.9375,0.8625,0.875,80,queen4
0.9375,0.9375,0.86265625,0.87515625,80,queen11
0.9625,0.975,0.8628125000000001,0.8753125,80,queen4
0.9625,0.95,0.86296875,0.87546875,80,queen4
0.9625,0.925,0.8631249999999999,0.875625,80,queen4
0.9625,0.925,0.86328125,0.87578125,80,queen4
0.975,0.925,0.8634375000000001,0.8759375,80,queen11
0.95,0.9375,0.86359375,0.87609375,80,queen4
0.95,0.95,0.8637499999999999,0.87625,80,queen11
0.9375,0.9375,0.86390625,0.87640625,80,queen11
0.9375,0.925,0.8640625,0.8765625,80,queen4
0.9375,0.95,0.86421875,0.87671875,80,queen11
0.95,0.95,0.8643750000000001,0.876875,80,queen4
0.9375,0.9375,0.86453125,0.87703125,80,queen11
0.95,0.9375,0.8646874999999999,0.8771875,80,queen4
0.925,0.9375,0.86484375,0.87734375,80,queen4
0.95,0.95,0.865,0.8775,80,queen11
0.9625,0.95,0.8651562500000001,0.87765625,80,queen4
0.95,0.9625,0.8653124999999999,0.8778125,80,queen4
0.9375,0.925,0.86546875,0.87796875,80,queen11
0.95,0.95,0.865625,0.878125,80,queen4
0.9375,0.925,0.8657812500000001,0.87828125,80,queen4
0.9625,0.9625,0.8659375,0.8784375,80,queen4
0.9375,0.95,0.8660937499999999,0.87859375,80,queen4
0.9625,0.9625,0.86625,0.87875,80,queen11
0.95,0.95,0.86640625,0.87890625,80,queen4
0.925,0.9375,0.8665625,0.8790625,80,queen4
0.9375,0.925,0.8667187500000001,0.87921875,80,queen11
0.95,0.95,0.866875,0.879375,80,queen4
0.95,0.9375,0.8670312499999999,0.87953125,80,queen11
0.9625,0.95,0.8671875,0.8796875,80,queen4
0.9375,0.95,0.8673437500000001,0.87984375,80,queen11
0.9875,0.95,0.8675,0.88,80,queen4
0.9375,0.95,0.8676562499999999,0.88015625,80,queen4
0.95,0.9375,0.8678125,0.8803125,80,queen11
0.925,0.95,0.86796875,0.88046875,80,queen11
0.9375,0.95,0.868125,0.880625,80,queen11
0.9625,0.9375,0.8682812500000001,0.88078125,80,queen4
0.95,0.95,0.8684375,0.8809375,80,queen11
0.95,0.9375,0.8685937499999999,0.88109375,80,queen4
0.925,0.95,0.86875,0.88125,80,queen11
0.975,0.95,0.86890625,0.88140625,80,queen11
0.95,0.9625,0.8690625000000001,0.8815625,80,queen11
0.9375,0.95,0.8692187499999999,0.88171875,80,queen11
0.95,0.925,0.869375,0.881875,80,queen11
0.9375,0.9625,0.86953125,0.88203125,80,queen11
0.95,0.9375,0.8696875000000001,0.8821875,80,queen11
0.95,0.9625,0.86984375,0.88234375,80,queen11
0.9625,0.9375,0.8699999999999999,0.8825,80,queen11
0.95,0.9375,0.87015625,0.88265625,80,queen11
0.95,0.95,0.8703125,0.8828125,80,queen4
0.9375,0.9375,0.87046875,0.88296875,80,queen4
0.9625,0.9375,0.8706250000000001,0.883125,80,queen11
0.9375,0.95,0.87078125,0.88328125,80,queen11
0.9375,0.9625,0.8709374999999999,0.8834375,80,queen11
0.925,0.95,0.87109375,0.88359375,80,queen4
0.9625,0.95,0.8712500000000001,0.88375,80,queen4
0.9375,0.95,0.87140625,0.88390625,80,queen11
0.9375,0.9375,0.8715624999999999,0.8840625,80,queen11
0.95,0.9375,0.87171875,0.88421875,80,queen11
0.95,0.9625,0.871875,0.884375,80,queen4
0.95,0.9375,0.87203125,0.88453125,80,queen11
0.95,0.95,0.8721875000000001,0.8846875,80,queen11
0.975,0.9625,0.87234375,0.88484375,80,queen4
0.9625,0.95,0.8724999999999999,0.885,80,queen4
0.9625,0.9375,0.87265625,0.88515625,80,queen11
0.95,0.95,0.8728125,0.8853125,80,queen4
0.95,0.9625,0.8729687500000001,0.88546875,80,queen4
0.95,0.95,0.8731249999999999,0.885625,80,queen11
0.9625,0.9625,0.87328125,0.88578125,80,queen11
0.9375,0.9375,0.8734375,0.8859375,80,queen11
0.95,0.95,0.8735937500000001,0.88609375,80,queen4
0.9625,0.95,0.87375,0.88625,80,queen4
0.95,0.9625,0.8739062499999999,0.88640625,80,queen11
0.9625,0.95,0.8740625,0.8865625,80,queen4
0.95,0.9375,0.87421875,0.88671875,80,queen11
0.95,0.95,0.874375,0.886875,80,queen4
0.95,0.95,0.8745312500000001,0.88703125,80,queen11
0.9625,0.95,0.8746875,0.8871875,80,queen4
0.975,0.95,0.8748437499999999,0.88734375,80,queen11
0.95,0.9375,0.875,0.8875,80,queen11
0.95,0.95,0.8751562500000001,0.88765625,80,queen11
0.95,0.95,0.8753125,0.8878125,80,queen4
0.9375,0.95,0.8754687499999999,0.88796875,80,queen4
0.975,0.9625,0.875625,0.888125,80,queen4
0.9375,0.9375,0.87578125,0.88828125,80,queen11
0.975,0.9375,0.8759375,0.8884375,80,queen4
0.95,0.9375,0.8760937500000001,0.88859375,80,queen4
0.9375,0.95,0.87625,0.88875,80,queen4
0.95,0.95,0.8764062499999999,0.88890625,80,queen4
0.9625,0.95,0.8765625,0.8890625,80,queen4
0.95,0.95,0.87671875,0.88921875,80,queen4
0.95,0.975,0.8768750000000001,0.889375,80,queen11
0.975,0.95,0.8770312499999999,0.88953125,80,queen4
0.975,0.95,0.8771875,0.8896875,80,queen4
0.975,0.95,0.87734375,0.88984375,80,queen11
0.95,0.9625,0.8775000000000001,0.89,80,queen11
0.9625,0.9625,0.87765625,0.89015625,80,queen4
0.95,0.9375,0.8778124999999999,0.8903125,80,queen11
0.9375,0.95,0.87796875,0.89046875,80,queen11
0.8326388888888889,0.9,0.9166666666666666,0.8333333333333334,60,queen11
0.8142857142857143,0.9166666666666666,0.9166666666666666,0.8336111111111111,60,queen4
0.8296296296296296,0.95,0.9166666666666666,0.8338888888888889,60,queen4
0.8326388888888889,0.9166666666666666,0.9,0.8341666666666666,60,queen4
0.8325,0.9,0.9166666666666666,0.8344444444444444,60,queen4
0.8279761904761905,0.9166666666666666,0.9,0.8347222222222223,60,queen4
0.798611111111111,0.9333333333333333,0.9166666666666666,0.835,60,queen4
0.8333333333333334,0.9666666666666667,0.9166666666666666,0.8352777777777778,60,queen4
0.7936507936507937,0.9166666666666666,0.95,0.8355555555555556,60,queen4
0.8333333333333334,0.9166666666666666,0.9,0.8358333333333333,60,queen4
0.8296296296296296,0.9,0.9333333333333333,0.8361111111111111,60,queen11
0.8296296296296296,0.9,0.9166666666666666,0.8363888888888888,60,queen4
0.8325,0.9166666666666666,0.9166666666666666,0.8366666666666667,60,queen4
0.8333333333333334,0.9166666666666666,0.9,0.8369444444444445,60,queen4
0.8333333333333334,0.9333333333333333,0.9166666666666666,0.8372222222222222,60,queen4
0.8307692307692308,0.9333333333333333,0.9333333333333333,0.8375,60,queen4
0.8326388888888889,0.9333333333333333,0.9166666666666666,0.8377777777777777,60,queen4
0.8325,0.9166666666666666,0.9166666666666666,0.8380555555555556,60,queen4
0.8333333333333334,0.9,0.9,0.8383333333333334,60,queen11
0.7733333333333333,0.9333333333333333,0.9166666666666666,0.8386111111111111,60,queen4
0.8326388888888889,0.95,0.9166666666666666,0.8388888888888889,60,queen11
0.8325,0.9166666666666666,0.9166666666666666,0.8391666666666666,60,queen4
0.8326388888888889,0.9,0.95,0.8394444444444444,60,queen11
0.8156862745098039,0.9,0.95,0.8397222222222223,60,queen11
0.798611111111111,0.9166666666666666,0.9,0.84,60,queen4
0.7647058823529412,0.9333333333333333,0.9166666666666666,0.8402777777777778,60,queen4
0.8244444444444444,0.9,0.9166666666666666,0.8405555555555555,60,queen4
0.8326388888888889,0.9333333333333333,0.9333333333333333,0.8408333333333333,60,queen4
0.8239583333333333,0.9166666666666666,0.9333333333333333,0.8411111111111111,60,queen4
0.8244444444444444,0.9333333333333333,0.9333333333333333,0.8413888888888889,60,queen11
0.8307692307692308,0.9333333333333333,0.95,0.8416666666666667,60,queen4
0.8333333333333334,0.9333333333333333,0.9,0.8419444444444445,60,queen4
0.8296296296296296,0.9,0.95,0.8422222222222222,60,queen4
0.8279761904761905,0.9333333333333333,0.9166666666666666,0.8425,60,queen11
0.8244444444444444,0.9333333333333333,0.9333333333333333,0.8427777777777777,60,queen4
0.8307692307692308,0.9166666666666666,0.9166666666666666,0.8430555555555556,60,queen4
0.8279761904761905,0.9166666666666666,0.9333333333333333,0.8433333333333334,60,queen11
0.8239583333333333,0.9333333333333333,0.9333333333333333,0.8436111111111111,60,queen4
0.8333333333333334,0.95,0.9333333333333333,0.8438888888888889,60,queen4
0.8279761904761905,0.9166666666666666,0.9166666666666666,0.8441666666666666,60,queen4
0.8326388888888889,0.9333333333333333,0.9166666666666666,0.8444444444444444,60,queen4
0.8325,0.9,0.95,0.8447222222222223,60,queen4
0.8326388888888889,0.9,0.8833333333333333,0.845,60,queen4
0.8239583333333333,0.9166666666666666,0.9333333333333333,0.8452777777777778,60,queen4
0.8333333333333334,0.95,0.9166666666666666,0.8455555555555555,60,queen4
0.8326388888888889,0.9333333333333333,0.9166666666666666,0.8458333333333333,60,queen4
0.8239583333333333,0.9333333333333333,0.9166666666666666,0.8461111111111111,60,queen4
0.8239583333333333,0.95,0.9166666666666666,0.8463888888888889,60,queen11
0.8296296296296296,0.9166666666666666,0.9166666666666666,0.8466666666666667,60,queen4
0.8296296296296296,0.9,0.9333333333333333,0.8469444444444445,60,queen11
0.8333333333333334,0.9166666666666666,0.9166666666666666,0.8472222222222222,60,queen4
0.8333333333333334,0.9333333333333333,0.9333333333333333,0.8475,60,queen11
0.7733333333333333,0.9333333333333333,0.9666666666666667,0.8477777777777777,60,queen11
0.7733333333333333,0.9166666666666666,0.9166666666666666,0.8480555555555556,60,queen4
0.8326388888888889,0.9166666666666666,0.9166666666666666,0.8483333333333334,60,queen4
0.8142857142857143,0.9166666666666666,0.9166666666666666,0.8486111111111111,60,queen4
0.8325,0.9166666666666666,0.9166666666666666,0.8488888888888889,60,queen4
0.8296296296296296,0.95,0.9333333333333333,0.8491666666666666,60,queen4
0.8326388888888889,0.9333333333333333,0.9166666666666666,0.8494444444444444,60,queen4
0.8333333333333334,0.9333333333333333,0.9166666666666666,0.8497222222222223,60,queen4
0.8326388888888889,0.95,0.9166666666666666,0.85,60,queen4
0.8326388888888889,0.9166666666666666,0.9166666666666666,0.8502777777777778,60,queen11
0.8325,0.9333333333333333,0.9333333333333333,0.8505555555555555,60,queen4
0.8307692307692308,0.9,0.9166666666666666,0.8508333333333333,60,queen4
0.7936507936507937,0.9166666666666666,0.9166666666666666,0.8511111111111112,60,queen4
0.74,0.9166666666666666,0.9166666666666666,0.8513888888888889,60,queen4
0.8296296296296296,0.9166666666666666,0.9166666666666666,0.8516666666666667,60,queen4
0.8325,0.9166666666666666,0.9166666666666666,0.8519444444444444,60,queen11
0.8296296296296296,0.95,0.95,0.8522222222222222,60,queen4
0.8325,0.9333333333333333,0.9333333333333333,0.8525,60,queen11
0.8333333333333334,0.9333333333333333,0.95,0.8527777777777777,60,queen11
0.8106481481481481,0.9333333333333333,0.9333333333333333,0.8530555555555556,60,queen4
0.8296296296296296,0.9166666666666666,0.9333333333333333,0.8533333333333334,60,queen11
0.8244444444444444,0.95,0.9333333333333333,0.8536111111111111,60,queen4
0.8296296296296296,0.9333333333333333,0.9333333333333333,0.8538888888888889,60,queen4
0.8333333333333334,0.95,0.9333333333333333,0.8541666666666666,60,queen11
0.8239583333333333,0.9166666666666666,0.95,0.8544444444444445,60,queen11
0.8279761904761905,0.9333333333333333,0.9166666666666666,0.8547222222222223,60,queen4
0.8296296296296296,0.9166666666666666,0.9,0.855,60,queen4
0.8333333333333334,0.9666666666666667,0.9333333333333333,0.8552777777777778,60,queen4
0.8326388888888889,0.9166666666666666,0.9833333333333333,0.8555555555555555,60,queen4
0.8326388888888889,0.95,0.9333333333333333,0.8558333333333333,60,queen4
0.8333333333333334,0.9333333333333333,0.9333333333333333,0.8561111111111112,60,queen11
0.8296296296296296,0.9333333333333333,0.9333333333333333,0.8563888888888889,60,queen4
0.8326388888888889,0.9333333333333333,0.95,0.8566666666666667,60,queen4
0.8296296296296296,0.9333333333333333,0.9166666666666666,0.8569444444444444,60,queen4
0.8142857142857143,0.9333333333333333,0.9166666666666666,0.8572222222222222,60,queen11
0.8326388888888889,0.9333333333333333,0.9166666666666666,0.8575,60,queen11
0.8296296296296296,0.95,0.95,0.8577777777777778,60,queen4
0.8326388888888889,0.95,0.9333333333333333,0.8580555555555556,60,queen11
0.8307692307692308,0.95,0.9333333333333333,0.8583333333333333,60,queen11
0.8325,0.95,0.9166666666666666,0.8586111111111111,60,queen4
0.8296296296296296,0.9166666666666666,0.9333333333333333,0.8588888888888889,60,queen11
0.8326388888888889,0.9333333333333333,0.95,0.8591666666666666,60,queen4
0.8296296296296296,0.95,0.9333333333333333,0.8594444444444445,60,queen11
0.8333333333333334,0.9333333333333333,0.9333333333333333,0.8597222222222223,60,queen11
0.798611111111111,0.95,0.95,0.86,60,queen4
0.8333333333333334,0.9666666666666667,0.95,0.8602777777777778,60,queen4
0.8279761904761905,0.95,0.9666666666666667,0.8605555555555555,60,queen11
0.8142857142857143,0.9333333333333333,0.9166666666666666,0.8608333333333333,60,queen4
0.8296296296296296,0.9166666666666666,0.9166666666666666,0.8611111111111112,60,queen11
0.8325,0.95,0.95,0.8613888888888889,60,queen4
0.8326388888888889,0.9166666666666666,0.9333333333333333,0.8616666666666667,60,queen4
0.8244444444444444,0.95,0.9166666666666666,0.8619444444444444,60,queen4
0.8325,0.9333333333333333,0.9166666666666666,0.8622222222222222,60,queen11
0.8333333333333334,0.9333333333333333,0.9166666666666666,0.8625,60,queen11
0.8307692307692308,0.95,0.95,0.8627777777777778,60,queen4
0.8325,0.9333333333333333,0.9333333333333333,0.8630555555555556,60,queen11
0.8239583333333333,0.9333333333333333,0.9333333333333333,0.8633333333333333,60,queen4
0.8279761904761905,0.9333333333333333,0.95,0.8636111111111111,60,queen4
0.8326388888888889,0.9666666666666667,0.95,0.8638888888888889,60,queen4
0.8325,0.9333333333333333,0.9333333333333333,0.8641666666666666,60,queen4
0.8142857142857143,0.95,0.9166666666666666,0.8644444444444445,60,queen4
0.8325,0.9333333333333333,0.9666666666666667,0.8647222222222222,60,queen4
0.8279761904761905,0.9166666666666666,0.9333333333333333,0.865,60,queen4
0.8325,0.9333333333333333,0.9333333333333333,0.8652777777777778,60,queen11
0.8325,0.9333333333333333,0.9333333333333333,0.8655555555555555,60,queen11
0.8333333333333334,0.9666666666666667,0.9333333333333333,0.8658333333333333,60,queen4
0.8156862745098039,0.9166666666666666,0.9333333333333333,0.8661111111111112,60,queen11
0.8296296296296296,0.95,0.9333333333333333,0.8663888888888889,60,queen11
0.8296296296296296,0.95,0.9333333333333333,0.8666666666666667,60,queen11
0.8333333333333334,0.9666666666666667,0.95,0.8669444444444444,60,queen4
0.8106481481481481,0.9333333333333333,0.9666666666666667,0.8672222222222222,60,queen4
0.8333333333333334,0.9166666666666666,0.9333333333333333,0.8675,60,queen11
0.8325,0.95,0.9666666666666667,0.8677777777777778,60,queen4
0.8333333333333334,0.9333333333333333,0.9333333333333333,0.8680555555555556,60,queen4
0.8326388888888889,0.9166666666666666,0.9333333333333333,0.8683333333333333,60,queen4
0.8333333333333334,0.9333333333333333,0.9333333333333333,0.8686111111111111,60,queen11
0.8325,0.95,0.95,0.8688888888888889,60,queen4
0.8296296296296296,0.95,0.9333333333333333,0.8691666666666666,60,queen11
0.8296296296296296,0.95,0.95,0.8694444444444445,60,queen4
0.8326388888888889,0.95,0.9333333333333333,0.8697222222222222,60,queen4
0.8279761904761905,0.9666666666666667,0.9333333333333333,0.87,60,queen11
0.8333333333333334,0.9333333333333333,0.9333333333333333,0.8702777777777778,60,queen4
0.8325,0.9333333333333333,0.95,0.8705555555555555,60,queen4
0.8326388888888889,0.9333333333333333,0.9666666666666667,0.8708333333333333,60,queen4
0.8333333333333334,0.9333333333333333,0.95,0.8711111111111111,60,queen11
0.8333333333333334,0.95,0.9333333333333333,0.8713888888888889,60,queen11
0.8326388888888889,0.9333333333333333,0.9333333333333333,0.8716666666666667,60,queen11
0.8326388888888889,0.95,0.95,0.8719444444444444,60,queen4
0.8326388888888889,0.9666666666666667,0.9666666666666667,0.8722222222222222,60,queen4
0.8279761904761905,0.95,0.95,0.8725,60,queen4
0.798611111111111,0.95,0.9333333333333333,0.8727777777777778,60,queen11
0.8325,0.9666666666666667,0.9333333333333333,0.8730555555555556,60,queen4
0.8296296296296296,0.9333333333333333,0.95,0.8733333333333333,60,queen4
0.8296296296296296,0.95,0.95,0.8736111111111111,60,queen4
0.8296296296296296,0.95,0.95,0.8738888888888889,60,queen11
0.8333333333333334,0.95,0.95,0.8741666666666666,60,queen11
0.8333333333333334,0.9666666666666667,0.9666666666666667,0.8744444444444445,60,queen11
0.8325,0.9333333333333333,0.9833333333333333,0.8747222222222222,60,queen4
0.8325,0.95,0.95,0.875,60,queen4
0.8239583333333333,0.9333333333333333,0.9333333333333333,0.8752777777777778,60,queen4
0.8307692307692308,0.9666666666666667,0.9166666666666666,0.8755555555555555,60,queen4
0.8326388888888889,0.9333333333333333,0.95,0.8758333333333334,60,queen11
0.8106481481481481,0.95,0.9333333333333333,0.8761111111111111,60,queen4
0.8296296296296296,0.9333333333333333,0.9666666666666667,0.8763888888888889,60,queen4
0.8333333333333334,0.9666666666666667,0.9666666666666667,0.8766666666666667,60,queen4
0.8333333333333334,0.9333333333333333,0.95,0.8769444444444444,60,queen11
0.8333333333333334,0.95,0.9666666666666667,0.8772222222222222,60,queen4
0.8307692307692308,0.9333333333333333,0.9333333333333333,0.8775,60,queen4
0.8296296296296296,0.9333333333333333,0.95,0.8777777777777778,60,queen11
0.8296296296296296,0.9333333333333333,0.95,0.8780555555555556,60,queen4
0.8326388888888889,0.95,0.9666666666666667,0.8783333333333333,60,queen11
0.8244444444444444,0.95,0.9333333333333333,0.8786111111111111,60,queen4
0.8333333333333334,0.9833333333333333,0.95,0.8788888888888889,60,queen4
0.8296296296296296,0.9333333333333333,0.9333333333333333,0.8791666666666667,60,queen11
0.8325,0.95,0.9333333333333333,0.8794444444444445,60,queen4
0.8333333333333334,0.95,0.95,0.8797222222222222,60,queen4
0.8326388888888889,0.95,0.95,0.88,60,queen4
0.8333333333333334,0.9333333333333333,0.9666666666666667,0.8802777777777778,60,queen4
0.8296296296296296,0.9333333333333333,0.95,0.8805555555555555,60,queen4
0.8325,0.95,0.95,0.8808333333333334,60,queen11
0.8333333333333334,0.9333333333333333,0.95,0.8811111111111111,60,queen4
0.8307692307692308,0.95,0.95,0.8813888888888889,60,queen11
0.8307692307692308,0.95,0.9666666666666667,0.8816666666666667,60,queen4
0.8333333333333334,0.9333333333333333,0.95,0.8819444444444444,60,queen4
0.8296296296296296,0.95,0.9666666666666667,0.8822222222222222,60,queen4
0.8326388888888889,0.95,0.95,0.8825,60,queen4
0.8333333333333334,0.9333333333333333,0.95,0.8827777777777778,60,queen4
0.8326388888888889,0.9333333333333333,0.9833333333333333,0.8830555555555556,60,queen4
0.8326388888888889,0.95,0.9333333333333333,0.8833333333333333,60,queen11
0.8142857142857143,0.95,0.95,0.8836111111111111,60,queen4
0.8326388888888889,0.9833333333333333,0.95,0.8838888888888888,60,queen4
0.8325,0.95,0.9666666666666667,0.8841666666666667,60,queen4
0.8325,0.9666666666666667,0.9666666666666667,0.8844444444444445,60,queen4
0.8333333333333334,0.95,0.9666666666666667,0.8847222222222222,60,queen4
0.8333333333333334,0.9333333333333333,0.9333333333333333,0.885,60,queen11
0.8326388888888889,0.95,0.9333333333333333,0.8852777777777778,60,queen11
0.8052631578947369,0.9333333333333333,0.95,0.8855555555555555,60,queen11
0.8333333333333334,0.95,0.95,0.8858333333333334,60,queen4
0.8326388888888889,0.95,0.95,0.8861111111111111,60,queen4
0.8307692307692308,0.95,0.9666666666666667,0.8863888888888889,60,queen4
0.8333333333333334,0.95,0.9333333333333333,0.8866666666666667,60,queen4
0.8156862745098039,0.9333333333333333,0.95,0.8869444444444444,60,queen4
0.8296296296296296,0.95,0.9833333333333333,0.8872222222222222,60,queen4
0.8333333333333334,0.95,0.95,0.8875,60,queen4
0.8325,0.9666666666666667,0.95,0.8877777777777778,60,queen4
0.8333333333333334,0.95,0.9666666666666667,0.8880555555555556,60,queen4
0.8326388888888889,0.9666666666666667,0.9666666666666667,0.8883333333333333,60,queen4
0.8325,0.95,0.9666666666666667,0.8886111111111111,60,queen4
0.8296296296296296,0.9833333333333333,0.95,0.8888888888888888,60,queen4
0.8325,0.95,0.9666666666666667,0.8891666666666667,60,queen4
0.8142857142857143,0.95,0.9333333333333333,0.8894444444444445,60,queen11
0.8239583333333333,0.95,0.9666666666666667,0.8897222222222222,60,queen4
0.8279761904761905,0.9666666666666667,0.9666666666666667,0.89,60,queen4
0.8326388888888889,0.9666666666666667,0.9666666666666667,0.8902777777777777,60,queen4
0.8326388888888889,0.95,0.9666666666666667,0.8905555555555555,60,queen4
0.8325,0.95,0.9666666666666667,0.8908333333333334,60,queen4
0.8325,0.9666666666666667,0.95,0.8911111111111111,60,queen4
0.8333333333333334,0.9333333333333333,0.95,0.8913888888888889,60,queen4
0.8326388888888889,0.9333333333333333,0.95,0.8916666666666667,60,queen4
0.8326388888888889,0.95,0.95,0.8919444444444444,60,queen4
0.8333333333333334,0.95,0.9666666666666667,0.8922222222222222,60,queen4
0.8325,0.95,0.9333333333333333,0.8925,60,queen4
0.8296296296296296,0.95,0.9333333333333333,0.8927777777777778,60,queen4
0.8326388888888889,0.9666666666666667,0.95,0.8930555555555556,60,queen4
0.8156862745098039,0.9666666666666667,0.9666666666666667,0.8933333333333333,60,queen4
0.8296296296296296,0.9833333333333333,0.9666666666666667,0.8936111111111111,60,queen4
0.8325,0.95,0.95,0.8938888888888888,60,queen4
0.8326388888888889,0.95,0.95,0.8941666666666667,60,queen4
0.8326388888888889,0.9666666666666667,0.9333333333333333,0.8944444444444445,60,queen4
0.8325,0.9333333333333333,0.9333333333333333,0.8947222222222222,60,queen4
0.8325,0.95,0.9666666666666667,0.895,60,queen4
0.8142857142857143,0.95,0.95,0.8952777777777777,60,queen4
0.8333333333333334,0.9666666666666667,0.9666666666666667,0.8955555555555555,60,queen4
0.8296296296296296,0.95,0.9666666666666667,0.8958333333333334,60,queen4
0.8279761904761905,0.9333333333333333,0.95,0.8961111111111111,60,queen4
0.8325,0.9833333333333333,0.9666666666666667,0.8963888888888889,60,queen4
0.8326388888888889,0.9666666666666667,0.9666666666666667,0.8966666666666666,60,queen4
0.8333333333333334,0.9666666666666667,0.95,0.8969444444444444,60,queen4
0.8333333333333334,0.95,0.95,0.8972222222222223,60,queen4
0.8307692307692308,0.9666666666666667,0.9666666666666667,0.8975,60,queen4
0.8326388888888889,0.9666666666666667,0.95,0.8977777777777778,60,queen4
0.8279761904761905,0.95,0.9666666666666667,0.8980555555555556,60,queen4
0.8333333333333334,0.9666666666666667,0.95,0.8983333333333333,60,queen4
0.8244444444444444,0.9666666666666667,0.9666666666666667,0.8986111111111111,60,queen4
0.8326388888888889,0.95,0.9666666666666667,0.8988888888888888,60,queen4
0.8333333333333334,0.95,0.9666666666666667,0.8991666666666667,60,queen4
0.8203125,0.95,0.9666666666666667,0.8994444444444445,60,queen4
0.8296296296296296,0.9833333333333333,0.95,0.8997222222222222,60,queen4
0.8325,0.95,0.9666666666666667,0.9,60,queen4
0.8333333333333334,0.9666666666666667,0.9666666666666667,0.9002777777777777,60,queen4
0.8326388888888889,0.9666666666666667,0.95,0.9005555555555556,60,queen4
0.8333333333333334,0.9666666666666667,0.9666666666666667,0.9008333333333334,60,queen4
0.8333333333333334,0.9666666666666667,0.9666666666666667,0.9011111111111111,60,queen4
0.8333333333333334,0.95,0.9666666666666667,0.9013888888888889,60,queen4
0.8333333333333334,0.9666666666666667,0.9666666666666667,0.9016666666666666,60,queen4
0.8333333333333334,0.95,0.9666666666666667,0.9019444444444444,60,queen4
0.8325,0.9666666666666667,0.9833333333333333,0.9022222222222223,60,queen4
0.8307692307692308,0.9833333333333333,0.95,0.9025,60,queen4
0.798611111111111,0.95,0.9833333333333333,0.9027777777777778,60,queen4
0.8326388888888889,0.9666666666666667,0.95,0.9030555555555555,60,queen4
0.8239583333333333,0.9666666666666667,0.9666666666666667,0.9033333333333333,60,queen4
0.8333333333333334,0.9833333333333333,0.9666666666666667,0.9036111111111111,60,queen4
0.8307692307692308,0.95,0.9833333333333333,0.9038888888888889,60,queen4
0.8325,0.95,0.9666666666666667,0.9041666666666667,60,queen4
0.8296296296296296,0.9666666666666667,0.9666666666666667,0.9044444444444445,60,queen4
0.8326388888888889,0.95,0.9666666666666667,0.9047222222222222,60,queen4
0.8333333333333334,0.9666666666666667,0.95,0.905,60,queen4
0.8325,0.9666666666666667,0.9666666666666667,0.9052777777777777,60,queen4
0.8325,0.9333333333333333,0.9666666666666667,0.9055555555555556,60,queen4
0.8325,0.95,0.9833333333333333,0.9058333333333334,60,queen4
0.8333333333333334,0.9666666666666667,0.9666666666666667,0.9061111111111111,60,queen4
0.8326388888888889,0.9666666666666667,0.9666666666666667,0.9063888888888889,60,queen4
0.8333333333333334,0.95,0.9833333333333333,0.9066666666666666,60,queen4
0.8279761904761905,0.9666666666666667,0.9666666666666667,0.9069444444444444,60,queen4
0.7916666666666667,0.82,0.82,0.72,50,queen4
0.768,0.82,0.82,0.7204,50,queen4
0.768,0.84,0.84,0.7208,50,queen4
0.6975,0.84,0.78,0.7212,50,queen4
0.8158333333333333,0.82,0.82,0.7216,50,queen4
0.8057142857142857,0.88,0.82,0.722,50,queen4
0.8177777777777777,0.86,0.8,0.7224,50,queen4
0.7275,0.88,0.84,0.7228,50,queen4
0.7446153846153847,0.82,0.8,0.7232,50,queen4
0.7363636363636364,0.8,0.78,0.7236,50,queen4
0.74375,0.84,0.84,0.724,50,queen4
0.8177777777777777,0.84,0.92,0.7244,50,queen4
0.8177777777777777,0.82,0.86,0.7248,50,queen4
0.7416666666666667,0.82,0.82,0.7252,50,queen4
0.8026666666666666,0.82,0.84,0.7256,50,queen4
0.8123076923076923,0.82,0.86,0.726,50,queen4
0.81375,0.88,0.86,0.7264,50,queen4
0.7916666666666667,0.84,0.86,0.7268,50,queen4
0.768,0.86,0.84,0.7272,50,queen4
0.8190000000000001,0.82,0.88,0.7276,50,queen4
0.8177777777777777,0.84,0.84,0.728,50,queen4
0.8177777777777777,0.82,0.86,0.7284,50,queen4
0.8177777777777777,0.82,0.84,0.7288,50,queen4
0.7916666666666667,0.78,0.84,0.7292,50,queen4
0.768,0.84,0.8,0.7296,50,queen4
0.7155555555555556,0.82,0.86,0.73,50,queen4
0.81375,0.86,0.88,0.7304,50,queen4
0.7916666666666667,0.84,0.84,0.7308,50,queen4
0.8177777777777777,0.8,0.82,0.7312,50,queen4
0.7916666666666667,0.8,0.84,0.7316,50,queen4
0.7916666666666667,0.82,0.84,0.732,50,queen4
0.8177777777777777,0.86,0.88,0.7324,50,queen4
0.6975,0.9,0.84,0.7328,50,queen4
0.7453333333333333,0.86,0.84,0.7332,50,queen4
0.8057142857142857,0.82,0.84,0.7336,50,queen4
0.8181818181818181,0.88,0.82,0.734,50,queen4
0.768,0.82,0.8,0.7344,50,queen4
0.8177777777777777,0.84,0.88,0.7348,50,queen4
0.8190000000000001,0.82,0.86,0.7352,50,queen4
0.8177777777777777,0.84,0.82,0.7356,50,queen4
0.8057142857142857,0.86,0.86,0.736,50,queen4
0.8177777777777777,0.84,0.84,0.7364,50,queen4
0.7457142857142857,0.88,0.84,0.7368,50,queen4
0.676923076923077,0.84,0.82,0.7372,50,queen4
0.7363636363636364,0.84,0.86,0.7376,50,queen4
0.7916666666666667,0.86,0.94,0.738,50,queen4
0.7457142857142857,0.88,0.9,0.7384,50,queen4
0.768,0.82,0.84,0.7388,50,queen4
0.7916666666666667,0.84,0.84,0.7392,50,queen4
0.7155555555555556,0.86,0.86,0.7396,50,queen4
0.81375,0.84,0.84,0.74,50,queen4
0.7275,0.82,0.86,0.7404,50,queen4
0.8078571428571429,0.82,0.86,0.7408,50,queen4
0.768,0.82,0.9,0.7412,50,queen4
0.81375,0.82,0.86,0.7416,50,queen4
0.7416666666666667,0.84,0.82,0.742,50,queen4
0.8177777777777777,0.84,0.86,0.7424,50,queen4
0.7446153846153847,0.84,0.96,0.7428,50,queen4
0.7275,0.86,0.84,0.7432,50,queen4
0.7363636363636364,0.9,0.82,0.7436,50,queen4
0.7916666666666667,0.86,0.86,0.744,50,queen4
0.8158333333333333,0.86,0.86,0.7444,50,queen4
0.7275,0.86,0.84,0.7448,50,queen4
0.7916666666666667,0.86,0.86,0.7452,50,queen4
0.768,0.88,0.82,0.7456,50,queen4
0.7838888888888889,0.86,0.86,0.746,50,queen4
0.81375,0.88,0.84,0.7464,50,queen4
0.7446153846153847,0.86,0.86,0.7468,50,queen4
0.768,0.88,0.86,0.7472,50,queen4
0.81375,0.86,0.88,0.7476,50,queen4
0.8190000000000001,0.84,0.86,0.748,50,queen4
0.7446153846153847,0.86,0.82,0.7484,50,queen4
0.7916666666666667,0.86,0.82,0.7488,50,queen4
0.7916666666666667,0.86,0.86,0.7492,50,queen4
0.8057142857142857,0.9,0.82,0.7496,50,queen4
0.8177777777777777,0.86,0.88,0.75,50,queen4
0.8181818181818181,0.82,0.86,0.7504,50,queen4
0.8181818181818181,0.84,0.84,0.7508,50,queen4
0.81375,0.92,0.86,0.7512,50,queen4
0.7916666666666667,0.84,0.86,0.7516,50,queen4
0.768,0.9,0.88,0.752,50,queen4
0.7916666666666667,0.86,0.92,0.7524,50,queen4
0.8026666666666666,0.86,0.86,0.7528,50,queen4
0.8057142857142857,0.86,0.86,0.7532,50,queen4
0.8177777777777777,0.9,0.92,0.7536,50,queen4
0.81375,0.86,0.84,0.754,50,queen4
0.7916666666666667,0.82,0.82,0.7544,50,queen4
0.8123076923076923,0.9,0.94,0.7548,50,queen4
0.7916666666666667,0.88,0.88,0.7552,50,queen4
0.768,0.88,0.84,0.7556,50,queen4
0.8026666666666666,0.84,0.86,0.756,50,queen4
0.8123076923076923,0.86,0.84,0.7564,50,queen4
0.7916666666666667,0.88,0.86,0.7568,50,queen4
0.8181818181818181,0.84,0.9,0.7572,50,queen4
0.81375,0.9,0.86,0.7576,50,queen4
0.8190000000000001,0.88,0.86,0.758,50,queen4
0.7275,0.84,0.86,0.7584,50,queen4
0.768,0.88,0.88,0.7588,50,queen4
0.7916666666666667,0.84,0.86,0.7592,50,queen4
0.8177777777777777,0.86,0.86,0.7596,50,queen4
0.7916666666666667,0.88,0.86,0.76,50,queen4
0.81375,0.88,0.84,0.7604,50,queen4
0.81375,0.86,0.86,0.7608,50,queen4
0.7916666666666667,0.88,0.84,0.7612,50,queen4
0.8057142857142857,0.84,0.88,0.7616,50,queen4
0.8177777777777777,0.86,0.86,0.762,50,queen4
0.768,0.92,0.86,0.7624,50,queen4
0.8177777777777777,0.82,0.84,0.7628,50,queen4
0.8181818181818181,0.86,0.86,0.7632,50,queen4
0.768,0.84,0.84,0.7636,50,queen4
0.7905882352941177,0.86,0.9,0.764,50,queen4
0.768,0.92,0.84,0.7644,50,queen4
0.7916666666666667,0.86,0.84,0.7648,50,queen4
0.7457142857142857,0.88,0.88,0.7652,50,queen4
0.768,0.9,0.9,0.7656,50,queen4
0.8177777777777777,0.84,0.88,0.766,50,queen4
0.8057142857142857,0.86,0.86,0.7664,50,queen4
0.7363636363636364,0.84,0.94,0.7668,50,queen4
0.8190000000000001,0.86,0.84,0.7672,50,queen4
0.6975,0.86,0.86,0.7676,50,queen4
0.8057142857142857,0.9,0.9,0.768,50,queen4
0.7363636363636364,0.84,0.9,0.7684,50,queen4
0.8190000000000001,0.86,0.88,0.7688,50,queen4
0.8026666666666666,0.86,0.86,0.7692,50,queen4
0.8181818181818181,0.9,0.86,0.7696,50,queen4
0.8123076923076923,0.94,0.84,0.77,50,queen4
0.7916666666666667,0.88,0.88,0.7704,50,queen4
0.8026666666666666,0.88,0.88,0.7708,50,queen4
0.81375,0.86,0.9,0.7712,50,queen4
0.8158333333333333,0.9,0.88,0.7716,50,queen4
0.768,0.88,0.88,0.772,50,queen4
0.7916666666666667,0.86,0.88,0.7724,50,queen4
0.7363636363636364,0.88,0.86,0.7728,50,queen4
0.7916666666666667,0.9,0.88,0.7732,50,queen4
0.8057142857142857,0.88,0.86,0.7736,50,queen4
0.8181818181818181,0.92,0.88,0.774,50,queen4
0.8177777777777777,0.88,0.86,0.7744,50,queen4
0.728,0.88,0.9,0.7748,50,queen4
0.8057142857142857,0.88,0.86,0.7752,50,queen4
0.81375,0.88,0.88,0.7756,50,queen4
0.7363636363636364,0.88,0.88,0.776,50,queen4
0.8177777777777777,0.9,0.9,0.7764,50,queen4
0.8190000000000001,0.88,0.88,0.7768,50,queen4
0.768,0.88,0.88,0.7772,50,queen4
0.8190000000000001,0.9,0.92,0.7776,50,queen4
0.8158333333333333,0.88,0.88,0.778,50,queen4
0.8181818181818181,0.92,0.84,0.7784,50,queen4
0.7916666666666667,0.86,0.9,0.7788,50,queen4
0.8181818181818181,0.86,0.88,0.7792,50,queen4
0.8057142857142857,0.88,0.9,0.7796,50,queen4
0.7457142857142857,0.86,0.84,0.78,50,queen4
0.81375,0.92,0.88,0.7804,50,queen4
0.8190000000000001,0.86,0.9,0.7808,50,queen4
0.8181818181818181,0.9,0.9,0.7812,50,queen4
0.7377777777777778,0.94,0.88,0.7816,50,queen4
0.7416666666666667,0.86,0.92,0.782,50,queen4
0.8123076923076923,0.88,0.9,0.7824,50,queen4
0.8177777777777777,0.88,0.9,0.7828,50,queen4
0.8190000000000001,0.86,0.86,0.7832,50,queen4
0.7453333333333333,0.92,0.88,0.7836,50,queen4
0.768,0.9,0.84,0.784,50,queen4
0.81375,0.9,0.88,0.7844,50,queen4
0.728,0.86,0.86,0.7848,50,queen4
0.8181818181818181,0.84,0.94,0.7852,50,queen4
0.8181818181818181,0.9,0.88,0.7856,50,queen4
0.8190000000000001,0.9,0.92,0.786,50,queen4
0.8177777777777777,0.86,0.9,0.7864,50,queen4
0.7457142857142857,0.86,0.9,0.7868,50,queen4
0.7377777777777778,0.88,0.94,0.7872,50,queen4
0.81375,0.94,0.88,0.7876,50,queen4
0.8177777777777777,0.9,0.86,0.788,50,queen4
0.8123076923076923,0.9,0.9,0.7884,50,queen4
0.768,0.86,0.94,0.7888,50,queen4
0.8181818181818181,0.9,0.88,0.7892,50,queen4
0.8190000000000001,0.88,0.92,0.7896,50,queen4
0.7916666666666667,0.88,0.92,0.79,50,queen4
0.8078571428571429,0.9,0.9,0.7904,50,queen4
0.7446153846153847,0.88,0.88,0.7908,50,queen4
0.8057142857142857,0.9,0.9,0.7912,50,queen4
0.81375,0.86,0.88,0.7916,50,queen4
0.7363636363636364,0.88,0.92,0.792,50,queen4
0.8123076923076923,0.9,0.92,0.7924,50,queen4
0.8158333333333333,0.9,0.9,0.7928,50,queen4
0.796875,0.92,0.92,0.7932,50,queen4
0.768,0.88,0.9,0.7936,50,queen4
0.8190000000000001,0.88,0.9,0.794,50,queen4
0.8181818181818181,0.9,0.92,0.7944,50,queen4
0.8177777777777777,0.88,0.88,0.7948,50,queen4
0.8190000000000001,0.88,0.9,0.7952,50,queen4
0.768,0.86,0.88,0.7956,50,queen4
0.7838888888888889,0.88,0.9,0.796,50,queen4
0.8177777777777777,0.9,0.92,0.7964,50,queen4
0.8181818181818181,0.88,0.9,0.7968,50,queen4
0.7453333333333333,0.92,0.9,0.7972,50,queen4
0.81375,0.88,0.88,0.7976,50,queen4
0.8181818181818181,0.88,0.9,0.798,50,queen4
0.7916666666666667,0.86,0.88,0.7984,50,queen4
0.8158333333333333,0.94,0.94,0.7988,50,queen4
0.8057142857142857,0.88,0.88,0.7992,50,queen4
0.8190000000000001,0.9,0.88,0.7996,50,queen4
0.7446153846153847,0.9,0.9,0.8,50,queen4
0.8190000000000001,0.92,0.88,0.8004,50,queen4
0.7453333333333333,0.9,0.9,0.8008,50,queen4
0.8181818181818181,0.92,0.88,0.8012,50,queen4
0.8078571428571429,0.92,0.88,0.8016,50,queen4
0.8190000000000001,0.94,0.92,0.802,50,queen4
0.8177777777777777,0.88,0.9,0.8024,50,queen4
0.8190000000000001,0.92,0.92,0.8028,50,queen4
0.8057142857142857,0.92,0.92,0.8032,50,queen4
0.7916666666666667,0.9,0.88,0.8036,50,queen4
0.8177777777777777,0.88,0.9,0.804,50,queen4
0.8190000000000001,0.88,0.9,0.8044,50,queen4
0.7916666666666667,0.88,0.9,0.8048,50,queen4
0.8181818181818181,0.88,0.92,0.8052,50,queen4
0.8190000000000001,0.9,0.88,0.8056,50,queen4
0.7453333333333333,0.86,0.92,0.806,50,queen4
0.8181818181818181,0.9,0.9,0.8064,50,queen4
0.8190000000000001,0.9,0.88,0.8068,50,queen4
0.8190000000000001,0.9,0.9,0.8072,50,queen4
0.81375,0.9,0.9,0.8076,50,queen4
0.8057142857142857,0.9,0.94,0.808,50,queen4
0.8123076923076923,0.9,0.9,0.8084,50,queen4
0.8057142857142857,0.9,0.9,0.8088,50,queen4
0.8181818181818181,0.9,0.88,0.8092,50,queen4
0.8177777777777777,0.9,0.9,0.8096,50,queen4
0.7916666666666667,0.9,0.92,0.81,50,queen4
0.81375,0.9,0.92,0.8104,50,queen4
0.81375,0.88,0.88,0.8108,50,queen4
0.8078571428571429,0.92,0.92,0.8112,50,queen4
0.8190000000000001,0.88,0.88,0.8116,50,queen4
0.8057142857142857,0.94,0.9,0.812,50,queen4
0.8181818181818181,0.92,0.88,0.8124,50,queen4
0.81375,0.92,0.9,0.8128,50,queen4
0.8190000000000001,0.88,0.9,0.8132,50,queen4
0.7377777777777778,0.9,0.9,0.8136,50,queen4
0.81375,0.92,0.9,0.814,50,queen4
0.7457142857142857,0.94,0.92,0.8144,50,queen4
0.7916666666666667,0.92,0.9,0.8148,50,queen4
0.81375,0.88,0.94,0.8152,50,queen4
0.8181818181818181,0.9,0.88,0.8156,50,queen4
0.8057142857142857,0.9,0.88,0.816,50,queen4
0.7916666666666667,0.88,0.92,0.8164,50,queen4
0.8057142857142857,0.88,0.9,0.8168,50,queen4
0.8181818181818181,0.9,0.9,0.8172,50,queen11
0.7275,0.9,0.9,0.8176,50,queen4
0.7916666666666667,0.94,0.92,0.818,50,queen4
0.81375,0.94,0.88,0.8184,50,queen11
0.81375,0.96,0.9,0.8188,50,queen4
0.7916666666666667,0.92,0.92,0.8192,50,queen4
0.7916666666666667,0.9,0.9,0.8196,50,queen11
0.8177777777777777,0.94,0.94,0.82,50,queen4
0.8057142857142857,0.94,0.9,0.8204,50,queen4
0.8177777777777777,0.9,0.9,0.8208,50,queen11
0.81375,0.9,0.92,0.8212,50,queen4
0.8057142857142857,0.9,0.9,0.8216,50,queen4
0.7916666666666667,0.92,0.92,0.822,50,queen4
0.81375,0.9,0.92,0.8224,50,queen4
0.8026666666666666,0.94,0.9,0.8228,50,queen4
0.8177777777777777,0.94,0.92,0.8232,50,queen11
0.8181818181818181,0.92,0.92,0.8236,50,queen4
0.768,0.9,0.92,0.824,50,queen11
0.8181818181818181,0.92,0.92,0.8244,50,queen4
0.8190000000000001,0.9,0.92,0.8248,50,queen4
0.8078571428571429,0.94,0.9,0.8252,50,queen4
0.81375,0.94,0.9,0.8256,50,queen4
0.8158333333333333,0.92,0.9,0.826,50,queen4
0.8123076923076923,0.9,0.9,0.8264,50,queen4
0.8057142857142857,0.92,0.9,0.8268,50,queen4
0.8057142857142857,0.92,0.9,0.8272,50,queen11
0.8057142857142857,0.9,0.94,0.8276,50,queen4
0.8177777777777777,0.94,0.94,0.828,50,queen4
0.8181818181818181,0.92,0.92,0.8284,50,queen4
0.81375,0.9,0.88,0.8288,50,queen4
0.8181818181818181,0.92,0.94,0.8292,50,queen11
0.8123076923076923,0.94,0.94,0.8296,50,queen4
0.8177777777777777,0.92,0.92,0.83,50,queen4
0.8181818181818181,0.92,0.96,0.8304,50,queen4
0.7453333333333333,0.9,0.92,0.8308,50,queen4
0.8158333333333333,0.92,0.92,0.8312,50,queen4
0.81375,0.9,0.92,0.8316,50,queen4
0.81375,0.92,0.92,0.832,50,queen11
0.8057142857142857,0.9,0.9,0.8324,50,queen11
0.8177777777777777,0.94,0.92,0.8328,50,queen4
0.7916666666666667,0.94,0.92,0.8332,50,queen4
0.8177777777777777,0.92,0.94,0.8336,50,queen4
0.8190000000000001,0.92,0.94,0.834,50,queen4
0.8181818181818181,0.92,0.92,0.8344,50,queen4
0.8177777777777777,0.96,0.92,0.8348,50,queen4
0.8057142857142857,0.92,0.9,0.8352,50,queen4
0.8177777777777777,0.92,0.92,0.8356,50,queen11
0.8057142857142857,0.9,0.92,0.836,50,queen4
0.8190000000000001,0.92,0.92,0.8364,50,queen4
0.8158333333333333,0.92,0.96,0.8368,50,queen4
0.8190000000000001,0.94,0.92,0.8372,50,queen4
0.8181818181818181,0.9,0.92,0.8376,50,queen4
0.768,0.92,0.92,0.838,50,queen4
0.8158333333333333,0.9,0.9,0.8384,50,queen4
0.81375,0.94,0.92,0.8388,50,queen4
0.768,0.92,0.9,0.8392,50,queen4
0.8190000000000001,0.94,0.9,0.8396,50,queen11
0.8190000000000001,0.9,0.96,0.84,50,queen4
0.8190000000000001,0.94,0.92,0.8404,50,queen4
0.8190000000000001,0.9,0.92,0.8408,50,queen4
0.8177777777777777,0.92,0.92,0.8412,50,queen4
0.8177777777777777,0.94,0.92,0.8416,50,queen4
0.768,0.92,0.96,0.842,50,queen4
0.81375,0.92,0.92,0.8424,50,queen11
0.8190000000000001,0.92,0.94,0.8428,50,queen4
0.8181818181818181,0.9,0.94,0.8432,50,queen11
0.8158333333333333,0.94,0.9,0.8436,50,queen11
0.8181818181818181,0.94,0.92,0.844,50,queen11
0.81375,0.92,0.9,0.8444,50,queen4
0.81375,0.92,0.96,0.8448,50,queen11
0.81375,0.92,0.92,0.8452,50,queen4
0.8177777777777777,0.9,0.94,0.8456,50,queen4
0.8158333333333333,0.92,0.92,0.846,50,queen4
0.8177777777777777,0.92,0.94,0.8464,50,queen11
0.8158333333333333,0.92,0.94,0.8468,50,queen11
0.8078571428571429,0.94,0.94,0.8472,50,queen4
0.7838888888888889,0.94,0.96,0.8476,50,queen4
0.8057142857142857,0.9,0.92,0.848,50,queen11
0.8190000000000001,0.94,0.96,0.8484,50,queen4
0.7916666666666667,0.94,0.96,0.8488,50,queen4
0.7916666666666667,0.94,0.92,0.8492,50,queen4
0.768,0.92,0.94,0.8496,50,queen11
0.8190000000000001,0.96,0.96,0.85,50,queen4
0.81375,0.94,0.94,0.8504,50,queen4
0.8190000000000001,0.94,0.92,0.8508,50,queen4
0.8177777777777777,0.92,0.9,0.8512,50,queen4
0.8158333333333333,0.92,0.92,0.8516,50,queen11
0.8123076923076923,0.92,0.94,0.852,50,queen11
0.8181818181818181,0.92,0.92,0.8524,50,queen11
0.81375,0.94,0.94,0.8528,50,queen11
0.8177777777777777,0.94,0.94,0.8532,50,queen11
0.8181818181818181,0.92,0.92,0.8536,50,queen4
0.81375,0.94,0.94,0.854,50,queen4
0.7453333333333333,0.96,0.92,0.8544,50,queen4
0.8177777777777777,0.94,0.9,0.8548,50,queen4
0.8158333333333333,0.92,0.96,0.8552,50,queen4
0.8177777777777777,0.94,0.94,0.8556,50,queen4
0.8158333333333333,0.92,0.94,0.856,50,queen4
0.8057142857142857,0.98,0.94,0.8564,50,queen4
0.8123076923076923,0.94,0.94,0.8568,50,queen4
0.8190000000000001,0.94,0.92,0.8572,50,queen4
0.8177777777777777,0.92,0.96,0.8576,50,queen4
0.74375,0.94,0.94,0.858,50,queen4
0.8177777777777777,0.96,0.94,0.8584,50,queen4
0.7916666666666667,0.92,0.92,0.8588,50,queen11
0.8190000000000001,0.94,0.96,0.8592,50,queen4
0.8190000000000001,0.94,0.94,0.8596,50,queen11
0.8057142857142857,0.94,0.94,0.86,50,queen4
0.8057142857142857,0.94,0.94,0.8604,50,queen4
0.81375,0.92,0.92,0.8608,50,queen4
0.8177777777777777,0.94,0.96,0.8612,50,queen4
0.81375,0.94,0.94,0.8616,50,queen4
0.81375,0.94,0.92,0.862,50,queen4
0.8190000000000001,0.94,0.94,0.8624,50,queen4
0.8158333333333333,0.94,0.94,0.8628,50,queen4
0.8158333333333333,0.96,0.92,0.8632,50,queen4
0.8181818181818181,0.96,0.9,0.8636,50,queen4
0.8177777777777777,0.92,0.94,0.864,50,queen4
0.8177777777777777,0.96,0.94,0.8644,50,queen4
0.8190000000000001,0.94,0.94,0.8648,50,queen4
0.8181818181818181,0.9,0.92,0.8652,50,queen11
0.8177777777777777,0.94,0.94,0.8656,50,queen4
0.8177777777777777,0.96,0.94,0.866,50,queen4
0.8181818181818181,0.92,0.94,0.8664,50,queen4
0.8177777777777777,0.94,0.92,0.8668,50,queen4
0.8123076923076923,0.94,0.94,0.8672,50,queen4
0.796875,0.98,0.96,0.8676,50,queen4
0.8190000000000001,0.94,0.94,0.868,50,queen4
0.8380952380952381,0.9571428571428572,0.9428571428571428,0.8775510204081632,70,queen4
0.843956043956044,0.9571428571428572,0.9428571428571428,0.8777551020408163,70,queen4
0.8423469387755103,0.9571428571428572,0.9571428571428572,0.8779591836734694,70,queen4
0.843956043956044,0.9571428571428572,0.9714285714285714,0.8781632653061224,70,queen4
0.8423469387755103,0.9714285714285714,0.9857142857142858,0.8783673469387755,70,queen4
0.843956043956044,0.9571428571428572,0.9857142857142858,0.8785714285714286,70,queen4
0.8370535714285714,0.9571428571428572,0.9857142857142858,0.8787755102040816,70,queen4
0.8423469387755103,0.9714285714285714,0.9571428571428572,0.8789795918367347,70,queen4
0.8441558441558442,0.9714285714285714,0.9571428571428572,0.8791836734693877,70,queen4
0.8336134453781513,0.9571428571428572,0.9428571428571428,0.8793877551020408,70,queen4
0.8336134453781513,0.9714285714285714,0.9714285714285714,0.8795918367346939,70,queen11
0.843956043956044,0.9571428571428572,0.9714285714285714,0.8797959183673469,70,queen4
0.8441558441558442,0.9571428571428572,0.9428571428571428,0.88,70,queen4
0.8441558441558442,0.9571428571428572,0.9714285714285714,0.8802040816326531,70,queen11
0.8446428571428571,0.9571428571428572,0.9714285714285714,0.8804081632653061,70,queen4
0.843956043956044,0.9428571428571428,0.9571428571428572,0.8806122448979592,70,queen11
0.8446428571428571,0.9428571428571428,0.9571428571428572,0.8808163265306123,70,queen4
0.843956043956044,0.9571428571428572,0.9714285714285714,0.8810204081632653,70,queen4
0.8421428571428572,0.9571428571428572,0.9571428571428572,0.8812244897959184,70,queen4
0.843956043956044,0.9714285714285714,0.9571428571428572,0.8814285714285715,70,queen4
0.8441558441558442,0.9714285714285714,0.9571428571428572,0.8816326530612245,70,queen11
0.8446428571428571,0.9714285714285714,0.9428571428571428,0.8818367346938776,70,queen4
0.8380952380952381,0.9571428571428572,0.9571428571428572,0.8820408163265306,70,queen4
0.8446428571428571,0.9714285714285714,0.9857142857142858,0.8822448979591837,70,queen11
0.8441558441558442,0.9857142857142858,0.9428571428571428,0.8824489795918368,70,queen4
0.84,0.9571428571428572,0.9571428571428572,0.8826530612244898,70,queen11
0.8446428571428571,0.9714285714285714,0.9857142857142858,0.8828571428571429,70,queen4
0.8446428571428571,0.9571428571428572,0.9571428571428572,0.883061224489796,70,queen11
0.8446428571428571,0.9857142857142858,0.9571428571428572,0.883265306122449,70,queen11
0.8423469387755103,0.9571428571428572,0.9571428571428572,0.8834693877551021,70,queen4
0.8441558441558442,0.9571428571428572,0.9571428571428572,0.8836734693877552,70,queen4
0.8446428571428571,0.9571428571428572,0.9571428571428572,0.8838775510204082,70,queen11
0.8446428571428571,0.9857142857142858,0.9857142857142858,0.8840816326530613,70,queen11
0.8421428571428572,0.9428571428571428,0.9714285714285714,0.8842857142857142,70,queen4
0.8446428571428571,0.9714285714285714,0.9428571428571428,0.8844897959183673,70,queen11
0.8446428571428571,0.9857142857142858,0.9714285714285714,0.8846938775510204,70,queen4
0.8446428571428571,0.9857142857142858,0.9571428571428572,0.8848979591836734,70,queen4
0.8423469387755103,0.9857142857142858,0.9571428571428572,0.8851020408163265,70,queen11
0.8441558441558442,0.9571428571428572,0.9714285714285714,0.8853061224489795,70,queen4
0.84,0.9857142857142858,0.9857142857142858,0.8855102040816326,70,queen11
0.84,0.9571428571428572,0.9571428571428572,0.8857142857142857,70,queen4
0.8446428571428571,0.9571428571428572,0.9571428571428572,0.8859183673469387,70,queen11
0.8421428571428572,0.9714285714285714,0.9714285714285714,0.8861224489795918,70,queen11
0.8446428571428571,0.9857142857142858,0.9571428571428572,0.8863265306122449,70,queen4
0.83125,0.9714285714285714,0.9714285714285714,0.8865306122448979,70,queen4
0.8421428571428572,0.9714285714285714,0.9714285714285714,0.886734693877551,70,queen4
0.83125,0.9714285714285714,0.9714285714285714,0.8869387755102041,70,queen11
0.8380952380952381,0.9714285714285714,0.9571428571428572,0.8871428571428571,70,queen4
0.83125,0.9714285714285714,0.9571428571428572,0.8873469387755102,70,queen11
0.843956043956044,0.9714285714285714,0.9428571428571428,0.8875510204081632,70,queen11
0.8423469387755103,0.9571428571428572,0.9571428571428572,0.8877551020408163,70,queen11
0.8421428571428572,0.9714285714285714,0.9571428571428572,0.8879591836734694,70,queen4
0.843956043956044,0.9571428571428572,0.9571428571428572,0.8881632653061224,70,queen11
0.8446428571428571,1.0,0.9714285714285714,0.8883673469387755,70,queen4
0.8421428571428572,0.9714285714285714,0.9857142857142858,0.8885714285714286,70,queen4
0.8446428571428571,0.9714285714285714,0.9714285714285714,0.8887755102040816,70,queen11
0.8446428571428571,0.9714285714285714,1.0,0.8889795918367347,70,queen4
0.8446428571428571,0.9571428571428572,0.9714285714285714,0.8891836734693878,70,queen11
0.8446428571428571,0.9857142857142858,0.9714285714285714,0.8893877551020408,70,queen4
0.8441558441558442,0.9857142857142858,0.9714285714285714,0.8895918367346939,70,queen11
