0.0654757261,0.2621230125,1,50,SAT
0.0724595428,0.2390566587,1,50,SAT
0.0735944986,0.2356788556,1,50,SAT
0.0723226607,0.2316709638,1,50,SAT
0.0716459751,0.2334459829,1,50,SAT
0.0731427987,0.2294831554,1,50,SAT
0.0740589448,0.2297798668,1,50,SAT
0.0718915731,0.2239451379,1,50,SAT
0.0694407622,0.2147614744,1,50,SAT
0.0669217515,0.2082671165,1,50,SAT
0.0654582761,0.2059134288,1,50,SAT
0.0647469262,0.2067936718,1,50,SAT
0.0642899678,0.2073231624,1,50,SAT
0.0641847968,0.2067944884,1,50,SAT
0.0628618956,0.204325099,1,50,SAT
0.0622557148,0.2026127011,1,50,SAT
0.0620768898,0.2011482084,1,50,SAT
0.0613483853,0.1990389585,1,50,SAT
0.0605844385,0.1961475849,1,50,SAT
0.0598134208,0.194568696,1,50,SAT
0.0590012289,0.1922418208,1,50,SAT
0.0581263152,0.189498172,1,50,SAT
0.057569622,0.1878000311,1,50,SAT
0.0571275125,0.1862855226,1,50,SAT
0.0565662832,0.1849674044,1,50,SAT
0.0560597594,0.1837688501,1,50,SAT
0.0556341048,0.1828957487,1,50,SAT
0.0551856228,0.1820250085,1,50,SAT
0.0550105407,0.1810411363,1,50,SAT
0.0545843156,0.1800430775,1,50,SAT
0.0542420333,0.1791036421,1,50,SAT
0.0539450049,0.1779745571,1,50,SAT
0.0536588358,0.1774200057,1,50,SAT
0.053227614,0.1761058541,1,50,SAT
0.0529056038,0.1752114534,1,50,SAT
0.0527625481,0.1746291048,1,50,SAT
0.0524063645,0.1737763965,1,50,SAT
0.0521457352,0.1727092279,1,50,SAT
0.0520200436,0.1720685635,1,50,SAT
0.0517360377,0.1710645503,1,50,SAT
0.0516625317,0.1704622565,1,50,SAT
0.0515341043,0.1702856104,1,50,SAT
0.051386582,0.1696478212,1,50,SAT
0.051301786,0.1692543501,1,50,SAT
0.0511416631,0.168966625,1,50,SAT
0.0508977506,0.1681102608,1,50,SAT
0.0508405244,0.1677912195,1,50,SAT
0.0508683175,0.1672561576,1,50,SAT
0.0508879126,0.1673025735,1,50,SAT
0.0508613815,0.1673237534,1,50,SAT
0.0508480582,0.1671357688,1,50,SAT
0.0508158661,0.1671039513,1,50,SAT
0.0507353648,0.1668725198,1,50,SAT
0.0506631992,0.1665021817,1,50,SAT
0.0506369877,0.1662938521,1,50,SAT
0.0506529157,0.1660895484,1,50,SAT
0.0505406698,0.1659384799,1,50,SAT
0.0505035696,0.1655414795,1,50,SAT
0.0504456682,0.1652280108,1,50,SAT
0.0504553258,0.1651483897,1,50,SAT
0.0503085777,0.1650690302,1,50,SAT
0.0502266449,0.1646667115,1,50,SAT
0.0501533561,0.164330132,1,50,SAT
0.0500457082,0.1639048859,1,50,SAT
0.0499505248,0.1637115251,1,50,SAT
0.0499259096,0.1636668816,1,50,SAT
0.0499057218,0.1635619149,1,50,SAT
0.0498817086,0.1633999853,1,50,SAT
0.0497968981,0.1631361585,1,50,SAT
0.0497690841,0.16305039,1,50,SAT
0.0498290005,0.1628460364,1,50,SAT
0.0497516268,0.1625455515,1,50,SAT
0.0496680286,0.1625825497,1,50,SAT
0.0496212676,0.1622929219,1,50,SAT
0.0495398591,0.1620670608,1,50,SAT
0.0494895656,0.1618389123,1,50,SAT
0.0495139645,0.1618711859,1,50,SAT
0.0494166359,0.1614685872,1,50,SAT
0.0493995552,0.1613822985,1,50,SAT
0.0493911818,0.1612501851,1,50,SAT
0.0493159789,0.1609376963,1,50,SAT
0.0492732923,0.1609418697,1,50,SAT
0.0492808661,0.1608611095,1,50,SAT
0.0491993592,0.1605078499,1,50,SAT
0.0492724393,0.160518301,1,50,SAT
0.0492508015,0.1605461891,1,50,SAT
0.0493326645,0.1605881609,1,50,SAT
0.0493020182,0.1603971955,1,50,SAT
0.0492350873,0.1601613591,1,50,SAT
0.0492011608,0.1600968631,1,50,SAT
0.0491312155,0.1598137934,1,50,SAT
0.0491168517,0.1597076237,1,50,SAT
0.049094337,0.1597396574,1,50,SAT
0.0492024282,0.1599970881,1,50,SAT
0.0492333866,0.1602362083,1,50,SAT
0.0493924526,0.160732953,1,50,SAT
0.0494708604,0.1608954105,1,50,SAT
0.0493374788,0.1603636223,1,50,SAT
0.0491319931,0.1598116049,1,50,SAT
0.0488296132,0.1588968248,1,50,SAT
0.0486162521,0.158200132,1,50,SAT
0.0483536248,0.1575552866,1,50,SAT
0.0481113075,0.1567508443,1,50,SAT
0.0478977848,0.1561015876,1,50,SAT
0.0476247865,0.1553189723,1,50,SAT
0.0473557686,0.1544609011,1,50,SAT
0.0471343103,0.1537505157,1,50,SAT
0.046873586,0.1529769635,1,50,SAT
0.0466052418,0.1522059001,1,50,SAT
0.0463514657,0.1514014979,1,50,SAT
0.0460909132,0.1506218096,1,50,SAT
0.0458481554,0.1498469742,1,50,SAT
0.045611597,0.1491240862,1,50,SAT
0.0453969832,0.1484983844,1,50,SAT
0.0451608123,0.1477651457,1,50,SAT
0.0449664841,0.1471945769,1,50,SAT
0.0447859202,0.1466862723,1,50,SAT
0.0446352353,0.1461825906,1,50,SAT
0.0444483471,0.1455700466,1,50,SAT
0.0442392323,0.1449262544,1,50,SAT
0.0440466235,0.1443455434,1,50,SAT
0.043834921,0.1436749075,1,50,SAT
0.0436343672,0.1430004895,1,50,SAT
0.0434270588,0.1423719283,1,50,SAT
0.043232192,0.1417838476,1,50,SAT
0.0430341285,0.1412028188,1,50,SAT
0.0428795037,0.1407541234,1,50,SAT
0.0427108582,0.1403033471,1,50,SAT
0.0425202728,0.1397022639,1,50,SAT
0.0423424314,0.1391637006,1,50,SAT
0.0421744598,0.1386421238,1,50,SAT
0.0420092985,0.1381512741,1,50,SAT
0.0418447261,0.1376023101,1,50,SAT
0.0416776122,0.1371323984,1,50,SAT
0.041502937,0.1365744875,1,50,SAT
0.0413420216,0.1360537263,1,50,SAT
0.0411828467,0.1355165605,1,50,SAT
0.0410246573,0.1350221242,1,50,SAT
0.0408597402,0.1345619145,1,50,SAT
0.0407124783,0.1340520324,1,50,SAT
0.0405514474,0.1335587361,1,50,SAT
0.040390023,0.1330767506,1,50,SAT
0.0402397041,0.1326204805,1,50,SAT
0.0400922661,0.1321413974,1,50,SAT
0.0399472089,0.1316823397,1,50,SAT
0.0398032624,0.1313400453,1,50,SAT
0.0396688855,0.1309497691,1,50,SAT
0.0395219163,0.1304991901,1,50,SAT
0.0393870655,0.1300583547,1,50,SAT
0.0392579107,0.1296131358,1,50,SAT
0.03912281,0.1291767971,1,50,SAT
0.0389862487,0.1287576376,1,50,SAT
0.0388541466,0.1283423282,1,50,SAT
0.0387174614,0.1279203011,1,50,SAT
0.0385959761,0.1275316864,1,50,SAT
0.0384751259,0.1271709598,1,50,SAT
0.0383684861,0.1268519241,1,50,SAT
0.0382423402,0.1264691523,1,50,SAT
0.0381114214,0.1260729821,1,50,SAT
0.0379881585,0.1257050072,1,50,SAT
0.0378699023,0.1253242759,1,50,SAT
0.0377534132,0.1249562337,1,50,SAT
0.037637858,0.124612086,1,50,SAT
0.0375259891,0.1242956307,1,50,SAT
0.0374205121,0.123972112,1,50,SAT
0.0373221485,0.1236449118,1,50,SAT
0.0372091085,0.1233045043,1,50,SAT
0.0370998444,0.1229491594,1,50,SAT
0.0369918552,0.1226059657,1,50,SAT
0.0368820035,0.1222817251,1,50,SAT
0.0367763203,0.1219607811,1,50,SAT
0.0366840107,0.1216905848,1,50,SAT
0.0365881127,0.1213800359,1,50,SAT
0.036490723,0.12103891,1,50,SAT
0.0363930563,0.1207402896,1,50,SAT
0.0363075208,0.1204501733,1,50,SAT
0.0362292795,0.1201730708,1,50,SAT
0.0361320118,0.1198503481,1,50,SAT
0.0360367133,0.1195575687,1,50,SAT
0.0359427542,0.1192490261,1,50,SAT
0.0358544418,0.1189683232,1,50,SAT
0.0357603127,0.1186530319,1,50,SAT
0.0356752883,0.1183901671,1,50,SAT
0.0355900859,0.1181076834,1,50,SAT
0.0355159327,0.1178689194,1,50,SAT
0.0354315815,0.1175950868,1,50,SAT
0.0353405951,0.117312077,1,50,SAT
0.035262662,0.1170441969,1,50,SAT
0.0351772609,0.1167749183,1,50,SAT
0.0350944564,0.1164940739,1,50,SAT
0.0350076509,0.1162079784,1,50,SAT
0.03492086,0.1159316984,1,50,SAT
0.0348463875,0.1156682346,1,50,SAT
0.0347751906,0.1154254703,1,50,SAT
0.0347053908,0.1152318317,1,50,SAT
0.0346280783,0.1149869273,1,50,SAT
0.0345557379,0.1147447259,1,50,SAT
0.0344768731,0.1144867785,1,50,SAT
0.0343988687,0.1142357152,1,50,SAT
0.0343298918,0.114007797,1,50,SAT
0.0342632193,0.1137900778,1,50,SAT
0.0341900585,0.1135413824,1,50,SAT
0.0341221984,0.1133141689,1,50,SAT
0.0340529822,0.1131103673,1,50,SAT
0.0339897558,0.1129369354,1,50,SAT
0.0339290733,0.1127888362,1,50,SAT
0.0338571358,0.1125367326,1,50,SAT
0.0337867202,0.1123011618,1,50,SAT
0.0337153294,0.1120708012,1,50,SAT
0.0336479967,0.1118249609,1,50,SAT
0.0335793923,0.1116104961,1,50,SAT
0.0335137168,0.1113762505,1,50,SAT
0.0334463897,0.1111796754,1,50,SAT
0.0333867528,0.1110120587,1,50,SAT
0.0333190629,0.1107983747,1,50,SAT
0.0332531839,0.1105871595,1,50,SAT
0.0331889699,0.1103757995,1,50,SAT
0.0331235076,0.1101486009,1,50,SAT
0.033066494,0.1099478816,1,50,SAT
0.0330031168,0.1097428572,1,50,SAT
0.0329388938,0.1095390079,1,50,SAT
0.0328784207,0.1093435685,1,50,SAT
0.0328254299,0.1091919159,1,50,SAT
0.0327673761,0.1090181486,1,50,SAT
0.0327120782,0.1088482381,1,50,SAT
0.0326522086,0.1086555638,1,50,SAT
0.0325957382,0.1085004495,1,50,SAT
0.0325324865,0.1083111137,1,50,SAT
0.0324759622,0.1081144849,1,50,SAT
0.0324252782,0.1079353296,1,50,SAT
0.0323726757,0.107770654,1,50,SAT
0.0323138453,0.107586393,1,50,SAT
0.0322677647,0.1074647382,1,50,SAT
0.0322223591,0.1073558515,1,50,SAT
0.0321681,0.1071690712,1,50,SAT
0.0321178435,0.1070157704,1,50,SAT
0.0320569094,0.1068514686,1,50,SAT
0.0320074111,0.1067043313,1,50,SAT
0.0319631366,0.1065370465,1,50,SAT
0.0319092818,0.1063638562,1,50,SAT
0.0318589052,0.1061928624,1,50,SAT
0.0318119963,0.1060302982,1,50,SAT
0.0317614963,0.1058517663,1,50,SAT
0.031710861,0.1056871892,1,50,SAT
0.0316616597,0.1055199382,1,50,SAT
0.0316107596,0.1053708376,1,50,SAT
0.0315640084,0.1052268277,1,50,SAT
0.031521389,0.1050951181,1,50,SAT
0.0314715668,0.1049253217,1,50,SAT
0.0314281412,0.1047650215,1,50,SAT
0.0313814951,0.1045924414,1,50,SAT
0.0313314184,0.1044304978,1,50,SAT
0.0312845611,0.1042834158,1,50,SAT
0.0312326567,0.1041230503,1,50,SAT
0.0311827512,0.1039744109,1,50,SAT
0.0311399699,0.1038198398,1,50,SAT
0.0310963355,0.1036551652,1,50,SAT
0.0310494621,0.103506191,1,50,SAT
0.0310057673,0.1033711595,1,50,SAT
0.0309701619,0.1032851735,1,50,SAT
0.0309344612,0.1031584268,1,50,SAT
0.0309089863,0.1030742242,1,50,SAT
0.0308642463,0.1029220113,1,50,SAT
0.0308641326,0.1028517244,1,50,SAT
0.0308743466,0.1028618916,1,50,SAT
0.0308420625,0.1027618984,1,50,SAT
0.0308378823,0.1027606626,1,50,SAT
0.0307972934,0.1026104653,1,50,SAT
0.0307738786,0.1025418238,1,50,SAT
0.030733445,0.1024025906,1,50,SAT
0.0306909764,0.1022515369,1,50,SAT
0.0306579372,0.102126923,1,50,SAT
0.0306130352,0.101978387,1,50,SAT
0.0305698641,0.1018487897,1,50,SAT
0.0305299396,0.1017158687,1,50,SAT
0.0304841584,0.1015856512,1,50,SAT
0.0304427403,0.1014520709,1,50,SAT
0.0303980514,0.101326971,1,50,SAT
0.0303561381,0.1011940879,1,50,SAT
0.0303174122,0.1010820412,1,50,SAT
0.0302788124,0.1009618308,1,50,SAT
0.0302475178,0.1008495256,1,50,SAT
0.0302101597,0.1007397414,1,50,SAT
0.0301720155,0.1006093728,1,50,SAT
0.0301336593,0.1004864389,1,50,SAT
0.0300948798,0.1003653205,1,50,SAT
0.0300579628,0.1002411159,1,50,SAT
0.0300162228,0.1001193262,1,50,SAT
0.0299794923,0.0999959291,1,50,SAT
0.0299412243,0.099873583,1,50,SAT
0.029902324,0.0997489966,1,50,SAT
0.0298690268,0.0996330085,1,50,SAT
0.0298319476,0.0995245338,1,50,SAT
0.0297985166,0.0994277052,1,50,SAT
0.0297724297,0.0993407846,1,50,SAT
0.0297410495,0.0992570586,1,50,SAT
0.0297055356,0.0991361304,1,50,SAT
0.0296728029,0.0990228593,1,50,SAT
0.02963545,0.0989088264,1,50,SAT
0.0295988668,0.0987933002,1,50,SAT
0.0295658379,0.0986827832,1,50,SAT
0.0295353444,0.0985960937,1,50,SAT
0.0295011095,0.0984811887,1,50,SAT
0.0294661622,0.0983678807,1,50,SAT
0.0294396554,0.098299985,1,50,SAT
0.0294108738,0.0981959589,1,50,SAT
0.0293787222,0.0980984701,1,50,SAT
0.0293542761,0.0980127366,1,50,SAT
0.0293203459,0.0979068376,1,50,SAT
0.0292879508,0.0978027271,1,50,SAT
0.0292565402,0.097683722,1,50,SAT
0.0292224868,0.0975741829,1,50,SAT
0.0291873703,0.0974894738,1,50,SAT
0.0291637331,0.0974199495,1,50,SAT
0.0291414286,0.097334552,1,50,SAT
0.0291193037,0.0972708804,1,50,SAT
0.0290905997,0.0972068545,1,50,SAT
0.0290646925,0.0971077243,1,50,SAT
0.0290356958,0.0970152773,1,50,SAT
0.029003007,0.0969048776,1,50,SAT
0.0289690209,0.0968039707,1,50,SAT
0.0289400044,0.0967018349,1,50,SAT
0.0289154249,0.0966238808,1,50,SAT
0.0288934679,0.0965427051,1,50,SAT
0.0288655637,0.0964477389,1,50,SAT
0.0288432132,0.0963805166,1,50,SAT
0.0288131395,0.0962734672,1,50,SAT
0.0287824487,0.0961687228,1,50,SAT
0.0287537296,0.0960817062,1,50,SAT
0.0287264635,0.0959875887,1,50,SAT
0.0287008317,0.0959075704,1,50,SAT
0.0286800445,0.09583762,1,50,SAT
0.0286557807,0.0957610158,1,50,SAT
0.0286330231,0.0956975459,1,50,SAT
0.0286177321,0.0956421056,1,50,SAT
0.0285917374,0.0955520179,1,50,SAT
0.0285628981,0.0954703219,1,50,SAT
0.0285351985,0.0953708187,1,50,SAT
0.0285094089,0.0952812098,1,50,SAT
0.0284852841,0.0952036969,1,50,SAT
0.0284608914,0.0951223339,1,50,SAT
0.0284377345,0.0950372834,1,50,SAT
0.0284101335,0.0949501261,1,50,SAT
0.0283814963,0.0948574604,1,50,SAT
0.028360113,0.0947989942,1,50,SAT
0.0283344311,0.0947124974,1,50,SAT
0.0283069964,0.0946230278,1,50,SAT
0.0282807186,0.0945419695,1,50,SAT
0.0282562265,0.0944562186,1,50,SAT
0.0282313837,0.0943643065,1,50,SAT
0.0282050446,0.094291218,1,50,SAT
0.0281806098,0.0942173921,1,50,SAT
0.0281569745,0.0941474298,1,50,SAT
0.028133588,0.0940821997,1,50,SAT
0.028109109,0.0940018553,1,50,SAT
0.0280828842,0.0939170229,1,50,SAT
0.0280602103,0.0938341563,1,50,SAT
0.0280355883,0.0937519909,1,50,SAT
0.0280120053,0.0936605948,1,50,SAT
0.0279904304,0.0935846563,1,50,SAT
0.0279692298,0.0935081266,1,50,SAT
0.0279453938,0.0934276754,1,50,SAT
0.02792541,0.0933575128,1,50,SAT
0.027905992,0.0932891597,1,50,SAT
0.0278845839,0.0932350914,1,50,SAT
0.0278647189,0.0931712289,1,50,SAT
0.0278453035,0.0931058298,1,50,SAT
0.0278234551,0.093027075,1,50,SAT
0.0278013454,0.0929558596,1,50,SAT
0.0277781504,0.0928774284,1,50,SAT
0.0277538241,0.0927909025,1,50,SAT
0.0277331284,0.0927047174,1,50,SAT
0.0277091296,0.0926283811,1,50,SAT
0.0276864181,0.0925546201,1,50,SAT
0.0276665498,0.0924806193,1,50,SAT
0.02764378,0.0924058876,1,50,SAT
0.027627474,0.0923510124,1,50,SAT
0.0276094076,0.0922934784,1,50,SAT
0.0275879152,0.0922159135,1,50,SAT
0.0275663695,0.0921506934,1,50,SAT
0.0275441683,0.0920797242,1,50,SAT
0.027522199,0.0920082389,1,50,SAT
0.0275001348,0.0919427659,1,50,SAT
0.0274796507,0.091868285,1,50,SAT
0.0274631774,0.091807091,1,50,SAT
0.02744272,0.0917436763,1,50,SAT
0.0274241451,0.0916781035,1,50,SAT
0.027404132,0.0916078119,1,50,SAT
0.0273885439,0.0915648628,1,50,SAT
0.0273678399,0.0915083809,1,50,SAT
0.0273482227,0.0914490035,1,50,SAT
0.0273396356,0.0914415628,1,50,SAT
0.0273211934,0.0913775669,1,50,SAT
0.0273014403,0.0913089592,1,50,SAT
0.0272790358,0.0912494728,1,50,SAT
0.0272584178,0.0911885017,1,50,SAT
0.0272372888,0.0911221403,1,50,SAT
0.0272172119,0.0910598354,1,50,SAT
0.0271994711,0.0909914693,1,50,SAT
0.0271827946,0.0909362301,1,50,SAT
0.027162655,0.0908631973,1,50,SAT
0.0271434954,0.0908112723,1,50,SAT
0.0271275381,0.0907587032,1,50,SAT
0.027113395,0.0907078447,1,50,SAT
0.0270967842,0.0906452098,1,50,SAT
0.0270859091,0.0906180071,1,50,SAT
0.0270670407,0.0905589625,1,50,SAT
0.0270490838,0.0904899299,1,50,SAT
0.0270357579,0.0904458762,1,50,SAT
0.0270216166,0.0903963765,1,50,SAT
0.0270040606,0.0903335244,1,50,SAT
0.0269859897,0.0902739877,1,50,SAT
0.0269657441,0.0902092188,1,50,SAT
0.0269466648,0.0901412438,1,50,SAT
0.026928555,0.0900767749,1,50,SAT
0.0269094994,0.0900111711,1,50,SAT
0.0268965984,0.089967427,1,50,SAT
0.0268837972,0.0899116678,1,50,SAT
0.0268635468,0.0898551124,1,50,SAT
0.0268491266,0.0898169842,1,50,SAT
0.0268464739,0.0898166806,1,50,SAT
0.0268315785,0.0897517712,1,50,SAT
0.0268129754,0.089686902,1,50,SAT
0.0267990301,0.0896333517,1,50,SAT
0.0267826115,0.0895756716,1,50,SAT
0.026772305,0.0895302877,1,50,SAT
0.0267565766,0.08948844,1,50,SAT
0.0267437022,0.0894568571,1,50,SAT
0.0267304492,0.0894203334,1,50,SAT
0.0267183622,0.0893754109,1,50,SAT
0.026703532,0.0893337574,1,50,SAT
0.0266871696,0.0892836941,1,50,SAT
0.0266745866,0.0892433278,1,50,SAT
0.0266619412,0.0891976606,1,50,SAT
0.0266481504,0.0891469539,1,50,SAT
0.0266373203,0.0891187612,1,50,SAT
0.0266225946,0.0890536546,1,50,SAT
0.0266071037,0.0890002174,1,50,SAT
0.0265902136,0.0889421111,1,50,SAT
0.0265766234,0.0888837426,1,50,SAT
0.0265614714,0.0888284844,1,50,SAT
0.0265467993,0.0887697335,1,50,SAT
0.0265318104,0.0887131877,1,50,SAT
0.0265168065,0.0886521401,1,50,SAT
0.0265030065,0.0885939479,1,50,SAT
0.0264902314,0.0885423151,1,50,SAT
0.0264733756,0.0884836931,1,50,SAT
0.0264587658,0.0884341128,1,50,SAT
0.0264490564,0.0883919575,1,50,SAT
0.0264366725,0.0883490336,1,50,SAT
0.0264259332,0.0883193501,1,50,SAT
0.026417562,0.0882829153,1,50,SAT
0.0264057105,0.0882461477,1,50,SAT
0.0263934528,0.0882115784,1,50,SAT
0.0263868154,0.088192923,1,50,SAT
0.0263731298,0.0881360372,1,50,SAT
0.0263587348,0.0880897929,1,50,SAT
0.026349626,0.0880817945,1,50,SAT
0.0263359662,0.0880325116,1,50,SAT
0.0263207306,0.0879766999,1,50,SAT
0.0263068302,0.0879331122,1,50,SAT
0.0262989818,0.0879084723,1,50,SAT
0.026287422,0.0878697348,1,50,SAT
0.0262755528,0.0878360194,1,50,SAT
0.0262605345,0.0877994805,1,50,SAT
0.0262522237,0.087783184,1,50,SAT
0.0262384585,0.0877361642,1,50,SAT
0.0262265125,0.0876952256,1,50,SAT
0.0262121232,0.0876455707,1,50,SAT
0.0261992099,0.0876135732,1,50,SAT
0.026187913,0.0875715497,1,50,SAT
0.026174162,0.0875240312,1,50,SAT
0.0261658483,0.0874932065,1,50,SAT
0.0261534905,0.0874516846,1,50,SAT
0.0261416976,0.0873993899,1,50,SAT
0.0261289794,0.0873630774,1,50,SAT
0.0261156396,0.0873167887,1,50,SAT
0.0261015682,0.0872722765,1,50,SAT
0.0260876161,0.0872305691,1,50,SAT
0.0260753565,0.0871830477,1,50,SAT
0.026065024,0.0871395181,1,50,SAT
0.0260527689,0.0870864476,1,50,SAT
0.0260399967,0.0870473606,1,50,SAT
0.0260290025,0.0870082964,1,50,SAT
0.0260154379,0.0869597848,1,50,SAT
0.02600267,0.0869186503,1,50,SAT
0.0259944003,0.0868879734,1,50,SAT
0.0259836056,0.0868564363,1,50,SAT
0.0259704908,0.0868051209,1,50,SAT
0.0259575144,0.0867571495,1,50,SAT
0.0259463599,0.0867257254,1,50,SAT
0.0259326414,0.0866785385,1,50,SAT
0.0259191075,0.0866334975,1,50,SAT
0.0259069676,0.0865954614,1,50,SAT
0.0258943772,0.0865588337,1,50,SAT
0.0258841719,0.0865306459,1,50,SAT
0.0258743721,0.0865004787,1,50,SAT
0.0258641939,0.0864751338,1,50,SAT
0.0258502786,0.0864333878,1,50,SAT
0.025840405,0.0863947273,1,50,SAT
0.0258297058,0.0863474531,1,50,SAT
0.0258150763,0.086297317,1,50,SAT
0.0258076798,0.0862631934,1,50,SAT
0.0257985725,0.0862224875,1,50,SAT
0.0257852094,0.0861827527,1,50,SAT
0.0257759929,0.0861493977,1,50,SAT
0.0257653685,0.0861081887,1,50,SAT
0.0257543965,0.0860634804,1,50,SAT
0.0257422035,0.0860167559,1,50,SAT
0.0257301665,0.0859731701,1,50,SAT
0.0257193683,0.0859285314,1,50,SAT
0.025706647,0.0858812213,1,50,SAT
0.0256944399,0.0858440676,1,50,SAT
0.0256863242,0.0858124032,1,50,SAT
0.0256782783,0.0857832519,1,50,SAT
0.025669141,0.0857632467,1,50,SAT
0.0256611655,0.0857308903,1,50,SAT
0.0256510553,0.0856900918,1,50,SAT
0.0256371112,0.0856410595,1,50,SAT
0.0256264947,0.0855945004,1,50,SAT
0.0256160349,0.0855498107,1,50,SAT
0.0256043402,0.0855127117,1,50,SAT
0.025592653,0.0854734112,1,50,SAT
0.0255818098,0.0854415782,1,50,SAT
0.0255711806,0.0854082153,1,50,SAT
0.0255596996,0.0853705865,1,50,SAT
0.0255503924,0.0853301382,1,50,SAT
0.0255407583,0.0852921048,1,50,SAT
0.0255315433,0.0852552633,1,50,SAT
0.025523836,0.0852198692,1,50,SAT
0.025511345,0.0851835644,1,50,SAT
0.0255020701,0.0851598197,1,50,SAT
0.0254919097,0.0851152063,1,50,SAT
0.0254846201,0.0850790118,1,50,SAT
0.0254763903,0.0850444937,1,50,SAT
0.0254677313,0.0850097811,1,50,SAT
0.0254566739,0.0849657578,1,50,SAT
0.0254456522,0.0849267442,1,50,SAT
0.0254361795,0.0848951347,1,50,SAT
0.0254254678,0.0848622263,1,50,SAT
0.0254142347,0.0848263089,1,50,SAT
0.0254046948,0.0847900766,1,50,SAT
0.0253936012,0.0847516164,1,50,SAT
0.0253857089,0.0847240664,1,50,SAT
0.0253768237,0.0846986794,1,50,SAT
0.0253657526,0.0846602234,1,50,SAT
0.0253580354,0.0846320485,1,50,SAT
0.0253491703,0.0846080052,1,50,SAT
0.0253385003,0.0845777241,1,50,SAT
0.0253282396,0.0845408566,1,50,SAT
0.025317599,0.0845063667,1,50,SAT
0.0253094012,0.0844726771,1,50,SAT
0.0252983715,0.0844384203,1,50,SAT
0.0252877573,0.0844045475,1,50,SAT
0.0252775951,0.0843703433,1,50,SAT
0.0252704115,0.0843489041,1,50,SAT
0.0252600297,0.0843201029,1,50,SAT
0.0252503218,0.0842787637,1,50,SAT
0.0252442424,0.0842470083,1,50,SAT
0.0252378471,0.0842112949,1,50,SAT
0.0252329454,0.0841952695,1,50,SAT
0.0252268711,0.0841648673,1,50,SAT
0.0252182139,0.0841290161,1,50,SAT
0.0252128452,0.0840993753,1,50,SAT
0.0252050336,0.0840690404,1,50,SAT
0.0251943967,0.0840346998,1,50,SAT
0.0251855215,0.0840053648,1,50,SAT
0.0251804419,0.0839841383,1,50,SAT
0.0251713626,0.0839473549,1,50,SAT
0.025163479,0.0839096847,1,50,SAT
0.0251525577,0.0838776469,1,50,SAT
0.0251436478,0.083839154,1,50,SAT
0.0251346186,0.0838010887,1,50,SAT
0.0251252628,0.0837694861,1,50,SAT
0.0251157862,0.0837361414,1,50,SAT
0.0251069012,0.0837042491,1,50,SAT
0.0250971101,0.0836706827,1,50,SAT
0.025088057,0.0836442544,1,50,SAT
0.0250899421,0.0836354614,1,50,SAT
0.025081327,0.0836026774,1,50,SAT
0.0250723481,0.0835661122,1,50,SAT
0.02506394,0.0835388002,1,50,SAT
0.0250547324,0.0835106497,1,50,SAT
0.0250483032,0.083483415,1,50,SAT
0.0250395751,0.083458222,1,50,SAT
0.0250293951,0.0834252201,1,50,SAT
0.0250250802,0.0834174204,1,50,SAT
0.0250208431,0.0833979709,1,50,SAT
0.0250134697,0.0833620318,1,50,SAT
0.0250046515,0.0833334024,1,50,SAT
0.0249993451,0.0833142613,1,50,SAT
0.0249917373,0.083294613,1,50,SAT
0.0249838874,0.0832689052,1,50,SAT
0.024974915,0.0832326375,1,50,SAT
0.0249663919,0.0832035271,1,50,SAT
0.0249559866,0.0831716839,1,50,SAT
0.0249470132,0.0831423128,1,50,SAT
0.0249386613,0.0831107613,1,50,SAT
0.024929959,0.0830875913,1,50,SAT
0.0249204079,0.0830661586,1,50,SAT
0.0249129963,0.0830420936,1,50,SAT
0.0249044479,0.0830149129,1,50,SAT
0.0248981333,0.0829910069,1,50,SAT
0.0248890266,0.082959387,1,50,SAT
0.0248817107,0.0829247321,1,50,SAT
0.0248725956,0.0828942237,1,50,SAT
0.0248664756,0.0828668964,1,50,SAT
0.0248575479,0.0828351148,1,50,SAT
0.0248504326,0.0828026833,1,50,SAT
0.0248473492,0.0827891393,1,50,SAT
0.024839081,0.0827700108,1,50,SAT
0.0248343055,0.0827506312,1,50,SAT
0.0248352511,0.0827518734,1,50,SAT
0.0248308712,0.0827330995,1,50,SAT
0.0248244089,0.082705972,1,50,SAT
0.0248194516,0.0826866446,1,50,SAT
0.0248136334,0.0826633213,1,50,SAT
0.0248126904,0.0826495639,1,50,SAT
0.024806288,0.0826194138,1,50,SAT
0.024798707,0.0825836852,1,50,SAT
0.0247902399,0.0825491504,1,50,SAT
0.0247822807,0.0825224156,1,50,SAT
0.0247773042,0.0824944027,1,50,SAT
0.02476958,0.0824637443,1,50,SAT
0.0247610999,0.0824403423,1,50,SAT
0.0247562522,0.0824280703,1,50,SAT
0.0247512354,0.0824082175,1,50,SAT
0.0247462595,0.0823853539,1,50,SAT
0.0247389493,0.0823637964,1,50,SAT
0.0247328077,0.0823466842,1,50,SAT
0.0247240708,0.0823229767,1,50,SAT
0.0247163736,0.0822944933,1,50,SAT
0.024708798,0.0822676283,1,50,SAT
0.0247040932,0.0822514918,1,50,SAT
0.0246975571,0.0822268816,1,50,SAT
0.0246905488,0.0822104311,1,50,SAT
0.024684583,0.0821806289,1,50,SAT
0.0246757348,0.0821528918,1,50,SAT
0.0246668025,0.0821240932,1,50,SAT
0.0246580707,0.082093758,1,50,SAT
0.0246509673,0.0820657775,1,50,SAT
0.0246455958,0.0820413375,1,50,SAT
0.0246378941,0.0820165263,1,50,SAT
0.0246306161,0.0819888397,1,50,SAT
0.0246229894,0.0819658523,1,50,SAT
0.0246163141,0.0819347956,1,50,SAT
0.0246146843,0.0819172035,1,50,SAT
0.0246082406,0.0818954758,1,50,SAT
0.0246013233,0.0818706352,1,50,SAT
0.0245933294,0.0818418839,1,50,SAT
0.0245892286,0.0818155285,1,50,SAT
0.0245870089,0.0818021851,1,50,SAT
0.0245822955,0.0817769324,1,50,SAT
0.0245776295,0.0817575541,1,50,SAT
0.024574486,0.0817326371,1,50,SAT
0.0245724268,0.0817236541,1,50,SAT
0.0245648015,0.0817020543,1,50,SAT
0.0245582678,0.0816795797,1,50,SAT
0.0245523647,0.0816594703,1,50,SAT
0.0245449456,0.0816341774,1,50,SAT
0.0245387315,0.0816081007,1,50,SAT
0.0245321224,0.0815846566,1,50,SAT
0.0245267791,0.0815626208,1,50,SAT
0.0245221459,0.0815401629,1,50,SAT
0.0245158328,0.0815204323,1,50,SAT
0.0245117258,0.0814984914,1,50,SAT
0.024506743,0.0814759378,1,50,SAT
0.0245003219,0.0814549182,1,50,SAT
0.0244982447,0.0814503195,1,50,SAT
0.0244946951,0.0814287972,1,50,SAT
0.0244883644,0.0814071688,1,50,SAT
0.0244845456,0.0813935597,1,50,SAT
0.0244799605,0.0813829431,1,50,SAT
0.0244732645,0.0813673185,1,50,SAT
0.0244686789,0.0813549416,1,50,SAT
0.0244659494,0.081340073,1,50,SAT
0.0244599103,0.0813208151,1,50,SAT
0.0244567978,0.0813069237,1,50,SAT
0.0244506931,0.0812826244,1,50,SAT
0.0244441119,0.0812581989,1,50,SAT
0.0244383563,0.0812453482,1,50,SAT
0.024431852,0.0812295949,1,50,SAT
0.0244274808,0.0812127037,1,50,SAT
0.0244242187,0.0812059644,1,50,SAT
0.0244217456,0.0812024607,1,50,SAT
0.0244158458,0.0811796877,1,50,SAT
0.0244105266,0.0811547496,1,50,SAT
0.0244062221,0.0811387987,1,50,SAT
0.0244013148,0.0811307952,1,50,SAT
0.0243955585,0.0811039941,1,50,SAT
0.0243892731,0.0810780059,1,50,SAT
0.0243834944,0.0810586934,1,50,SAT
0.0243806882,0.0810510105,1,50,SAT
0.0243746606,0.0810310005,1,50,SAT
0.0243713876,0.0810174905,1,50,SAT
0.024365527,0.0809939605,1,50,SAT
0.0243616332,0.0809752921,1,50,SAT
0.0243569251,0.0809573698,1,50,SAT
0.0243531833,0.0809348946,1,50,SAT
0.0243504675,0.0809182128,1,50,SAT
0.0243471116,0.0808924942,1,50,SAT
0.0243423195,0.0808692069,1,50,SAT
0.0243390966,0.0808526496,1,50,SAT
0.0243336645,0.0808281513,1,50,SAT
0.0243272929,0.0808054727,1,50,SAT
0.0243194151,0.0807864773,1,50,SAT
0.0243150559,0.0807674991,1,50,SAT
0.0243091841,0.0807501646,1,50,SAT
0.0243040584,0.080730461,1,50,SAT
0.0243004977,0.0807139947,1,50,SAT
0.0242949482,0.0806892358,1,50,SAT
0.0242895878,0.0806685407,1,50,SAT
0.024284134,0.0806458824,1,50,SAT
0.0242782994,0.0806316121,1,50,SAT
0.0242728894,0.0806132638,1,50,SAT
0.0242678448,0.0805907999,1,50,SAT
0.0242642117,0.0805748717,1,50,SAT
0.0242613235,0.0805657758,1,50,SAT
0.0242549277,0.0805446795,1,50,SAT
0.0242515508,0.0805281451,1,50,SAT
0.0242466162,0.0805087156,1,50,SAT
0.0242445219,0.080490694,1,50,SAT
0.0242414931,0.080486943,1,50,SAT
0.024238166,0.0804770493,1,50,SAT
0.0242342662,0.0804654951,1,50,SAT
0.0242327408,0.0804515777,1,50,SAT
0.0242272237,0.0804315336,1,50,SAT
0.0242261129,0.0804254114,1,50,SAT
0.0242225716,0.0804120268,1,50,SAT
0.0242202986,0.0803882785,1,50,SAT
0.0242155436,0.0803715079,1,50,SAT
0.0242126099,0.0803561216,1,50,SAT
0.0242079738,0.0803335835,1,50,SAT
0.0242030509,0.0803140593,1,50,SAT
0.0241968467,0.0802930798,1,50,SAT
0.0241901313,0.0802786296,1,50,SAT
0.0241838512,0.0802540212,1,50,SAT
0.0241781017,0.0802355899,1,50,SAT
0.0241722855,0.0802155949,1,50,SAT
0.0241703662,0.0802012787,1,50,SAT
0.0241660381,0.0801766527,1,50,SAT
0.0241601591,0.0801576918,1,50,SAT
0.0241564618,0.0801354977,1,50,SAT
0.0241532508,0.0801221437,1,50,SAT
0.0241481979,0.0801068908,1,50,SAT
0.0241445955,0.0800889623,1,50,SAT
0.0241383886,0.0800687506,1,50,SAT
0.0241370473,0.0800798416,1,50,SAT
0.0241324569,0.0800623414,1,50,SAT
0.0241303157,0.0800582648,1,50,SAT
0.0241271397,0.0800531542,1,50,SAT
0.0241239697,0.0800399105,1,50,SAT
0.0241205436,0.080025957,1,50,SAT
0.0241187591,0.0800163853,1,50,SAT
0.0241151549,0.0800026405,1,50,SAT
0.024111337,0.0799904188,1,50,SAT
0.0241076872,0.0799791025,1,50,SAT
0.0241047973,0.0799632981,1,50,SAT
0.0241009901,0.0799513015,1,50,SAT
0.0240950308,0.0799406767,1,50,SAT
0.0240932924,0.0799366597,1,50,SAT
0.0240891471,0.0799174101,1,50,SAT
0.0240856508,0.0799143913,1,50,SAT
0.0240832566,0.0799074601,1,50,SAT
0.0240827255,0.0798974088,1,50,SAT
0.0240842361,0.0798846318,1,50,SAT
0.0240803049,0.0798684106,1,50,SAT
0.0240773926,0.0798568183,1,50,SAT
0.0240751257,0.0798425178,1,50,SAT
0.0240708646,0.0798302598,1,50,SAT
0.0240679987,0.0798182294,1,50,SAT
0.0240633402,0.0798026087,1,50,SAT
0.0240580526,0.0797833987,1,50,SAT
0.0240535252,0.0797661321,1,50,SAT
0.0240483925,0.0797491442,1,50,SAT
0.0240444371,0.0797325136,1,50,SAT
0.024040597,0.0797142732,1,50,SAT
0.0240360224,0.0796916392,1,50,SAT
0.0240347253,0.079684227,1,50,SAT
0.0240322099,0.0796771866,1,50,SAT
0.0240279684,0.079654634,1,50,SAT
0.0240239766,0.0796342267,1,50,SAT
0.0240215325,0.0796287538,1,50,SAT
0.0240175688,0.0796156352,1,50,SAT
0.02401394,0.0796019833,1,50,SAT
0.0240086626,0.0795836086,1,50,SAT
0.0240065937,0.079578968,1,50,SAT
0.0240054169,0.0795639578,1,50,SAT
0.0240041604,0.0795495025,1,50,SAT
0.0240010744,0.079530381,1,50,SAT
0.023996841,0.0795130799,1,50,SAT
0.0239930562,0.0794931522,1,50,SAT
0.0239913928,0.0794910471,1,50,SAT
0.0239891554,0.0794737515,1,50,SAT
0.0239845353,0.0794571323,1,50,SAT
0.0239792758,0.0794340229,1,50,SAT
0.0239740364,0.0794142935,1,50,SAT
0.0239688413,0.0793980959,1,50,SAT
0.0239644872,0.0793826912,1,50,SAT
0.0239597879,0.079369882,1,50,SAT
0.0239565962,0.0793519304,1,50,SAT
0.0239512787,0.0793306315,1,50,SAT
0.0239467701,0.079308993,1,50,SAT
0.0239420734,0.0792881748,1,50,SAT
0.0239375704,0.0792705318,1,50,SAT
0.0239341765,0.079258442,1,50,SAT
0.0239321652,0.0792468583,1,50,SAT
0.0239279861,0.0792283388,1,50,SAT
0.0239256409,0.0792205961,1,50,SAT
0.0239239151,0.0792110677,1,50,SAT
0.023920476,0.0791993174,1,50,SAT
0.0239190674,0.0791975573,1,50,SAT
0.0239163011,0.0791872198,1,50,SAT
0.0239132868,0.0791673002,1,50,SAT
0.0239131159,0.0791635475,1,50,SAT
0.0239127986,0.079158905,1,50,SAT
0.0239099504,0.0791452976,1,50,SAT
0.0239068172,0.0791296689,1,50,SAT
0.0239034641,0.0791132958,1,50,SAT
0.0238985061,0.0790962832,1,50,SAT
0.0238978754,0.0790973364,1,50,SAT
0.0238952894,0.0790790719,1,50,SAT
0.0238911058,0.0790611916,1,50,SAT
0.0238911506,0.0790666632,1,50,SAT
0.0238866041,0.0790467461,1,50,SAT
0.0238833881,0.0790262123,1,50,SAT
0.0238803984,0.0790087941,1,50,SAT
0.023876112,0.0789908483,1,50,SAT
0.0238742284,0.0789798754,1,50,SAT
0.0238722373,0.0789691367,1,50,SAT
0.0238685535,0.0789475132,1,50,SAT
0.0238643027,0.0789263934,1,50,SAT
0.0238597215,0.0789054145,1,50,SAT
0.0238557937,0.0788890448,1,50,SAT
0.023853,0.0788737557,1,50,SAT
0.0238494611,0.0788566097,1,50,SAT
0.0238459481,0.078837919,1,50,SAT
0.0238418343,0.0788221267,1,50,SAT
0.0238366834,0.0788032036,1,50,SAT
0.0238319659,0.0787878933,1,50,SAT
0.023827382,0.0787722562,1,50,SAT
0.0238241963,0.0787530549,1,50,SAT
0.0238208799,0.0787382612,1,50,SAT
0.0238170377,0.0787204803,1,50,SAT
0.023813425,0.0787090276,1,50,SAT
0.0238097319,0.0786978097,1,50,SAT
0.0238056121,0.0786829249,1,50,SAT
0.0238027829,0.0786637874,1,50,SAT
0.0237999072,0.0786452948,1,50,SAT
0.0237975153,0.078635411,1,50,SAT
0.0237934703,0.0786171678,1,50,SAT
0.0237927539,0.0786104758,1,50,SAT
0.0237884554,0.078593827,1,50,SAT
0.0237852472,0.0785839823,1,50,SAT
0.0237805269,0.0785642121,1,50,SAT
0.0237767296,0.0785511795,1,50,SAT
0.0237721124,0.078540036,1,50,SAT
0.0237677539,0.0785206133,1,50,SAT
0.0237670454,0.0785186365,1,50,SAT
0.0237632084,0.078501637,1,50,SAT
0.0237604068,0.0784891773,1,50,SAT
0.0237552166,0.0784783796,1,50,SAT
0.023752048,0.0784679998,1,50,SAT
0.0237490561,0.0784550941,1,50,SAT
0.0237477154,0.0784526654,1,50,SAT
0.0237447249,0.0784452936,1,50,SAT
0.0237405334,0.0784322912,1,50,SAT
0.023739598,0.0784251977,1,50,SAT
0.0237373547,0.0784064729,1,50,SAT
0.023734292,0.0783897628,1,50,SAT
0.0237315148,0.07837993,1,50,SAT
0.0237288127,0.0783657817,1,50,SAT
0.023728215,0.0783496561,1,50,SAT
0.0237252511,0.0783306977,1,50,SAT
0.0237219436,0.0783195301,1,50,SAT
0.0237217277,0.0783159383,1,50,SAT
0.0237192255,0.0782985291,1,50,SAT
0.0237176906,0.0782954844,1,50,SAT
0.0237134399,0.07828241,1,50,SAT
0.0237133979,0.0782787295,1,50,SAT
0.0237097054,0.0782677796,1,50,SAT
0.0237060916,0.0782543745,1,50,SAT
0.0237051272,0.0782427893,1,50,SAT
0.0237010626,0.0782265875,1,50,SAT
0.02369777,0.0782120187,1,50,SAT
0.0236943118,0.0782024058,1,50,SAT
0.0236951829,0.0781944916,1,50,SAT
0.0236930966,0.0781819978,1,50,SAT
0.0236924942,0.0781779534,1,50,SAT
0.0236912329,0.0781684548,1,50,SAT
0.0236883107,0.0781560356,1,50,SAT
0.0236860286,0.0781426273,1,50,SAT
0.0236822349,0.0781271134,1,50,SAT
0.0236795524,0.078111905,1,50,SAT
0.0236773398,0.0780939797,1,50,SAT
0.0236734505,0.0780818752,1,50,SAT
0.0236707842,0.0780739216,1,50,SAT
0.0236673984,0.0780624332,1,50,SAT
0.0236640616,0.0780511077,1,50,SAT
0.023660026,0.078036161,1,50,SAT
0.0236559498,0.0780269776,1,50,SAT
0.0236552166,0.0780211299,1,50,SAT
0.0236522974,0.0780064015,1,50,SAT
0.0236517064,0.0780053031,1,50,SAT
0.0236505762,0.0779949455,1,50,SAT
0.0236457603,0.0779827711,1,50,SAT
0.0236419439,0.077972799,1,50,SAT
0.0236419009,0.077970108,1,50,SAT
0.023640682,0.0779542018,1,50,SAT
0.0236370802,0.0779381178,1,50,SAT
0.0236408529,0.0779431214,1,50,SAT
0.0236404495,0.0779488616,1,50,SAT
0.0236371811,0.0779390219,1,50,SAT
0.0236356206,0.0779264392,1,50,SAT
0.0236321098,0.0779094773,1,50,SAT
0.0236304051,0.0779022827,1,50,SAT
0.0236281565,0.0778927335,1,50,SAT
0.0236273666,0.0778810644,1,50,SAT
0.0236232279,0.0778720283,1,50,SAT
0.0236200127,0.0778623762,1,50,SAT
0.0236167021,0.0778492097,1,50,SAT
0.0236135672,0.0778324989,1,50,SAT
0.0236123196,0.0778230779,1,50,SAT
0.0236079348,0.0778063726,1,50,SAT
0.0236071216,0.0777995959,1,50,SAT
0.0236055473,0.0777895288,1,50,SAT
0.0236024439,0.0777792224,1,50,SAT
0.0236022766,0.077776034,1,50,SAT
0.0236013458,0.077768624,1,50,SAT
0.0235974551,0.0777518696,1,50,SAT
0.0235964523,0.0777514968,1,50,SAT
0.0235946986,0.0777366111,1,50,SAT
0.0235927463,0.0777353129,1,50,SAT
0.023591008,0.0777273731,1,50,SAT
0.023588015,0.0777121207,1,50,SAT
0.0235853151,0.077701773,1,50,SAT
0.0235828516,0.0777005467,1,50,SAT
0.0235797834,0.0776894413,1,50,SAT
0.0235778951,0.0776799585,1,50,SAT
0.0235783359,0.0776743889,1,50,SAT
0.0235762865,0.0776611377,1,50,SAT
0.0235755992,0.0776593577,1,50,SAT
0.0235751756,0.0776557821,1,50,SAT
0.0235739942,0.0776494985,1,50,SAT
0.023571364,0.0776397104,1,50,SAT
0.0235710444,0.0776395349,1,50,SAT
0.023569249,0.0776324419,1,50,SAT
0.0235664372,0.0776177915,1,50,SAT
0.0235646477,0.0776118562,1,50,SAT
0.0235638271,0.0776041831,1,50,SAT
0.0235613896,0.0775927851,1,50,SAT
0.0235587406,0.0775779054,1,50,SAT
0.0235556468,0.0775614724,1,50,SAT
0.0235533388,0.077547648,1,50,SAT
0.0235494275,0.0775336675,1,50,SAT
0.0235465311,0.0775187672,1,50,SAT
0.0235431165,0.0775050201,1,50,SAT
0.0235407863,0.0774932646,1,50,SAT
0.0235389826,0.0774858139,1,50,SAT
0.023537513,0.0774792481,1,50,SAT
0.0235348522,0.0774702503,1,50,SAT
0.023532575,0.0774611091,1,50,SAT
0.0235303642,0.0774513543,1,50,SAT
0.0235271574,0.0774387085,1,50,SAT
0.0235249816,0.0774252776,1,50,SAT
0.0235218433,0.0774107895,1,50,SAT
0.0235183581,0.0773992322,1,50,SAT
0.0235163951,0.0773878762,1,50,SAT
0.0235141374,0.0773720157,1,50,SAT
0.0235214337,0.0773871335,1,50,SAT
0.0235257557,0.0773938853,1,50,SAT
0.0235228924,0.0773791661,1,50,SAT
0.0235198284,0.0773691683,1,50,SAT
0.0235290002,0.0773887362,1,50,SAT
0.0235387009,0.077418711,1,50,SAT
0.0235451695,0.0774352951,1,50,SAT
0.0235434091,0.0774364007,1,50,SAT
0.0235535931,0.077452706,1,50,SAT
0.0235647666,0.0774783156,1,50,SAT
0.0235687603,0.0774952318,1,50,SAT
0.0235786805,0.0775202399,1,50,SAT
0.023577956,0.0775178832,1,50,SAT
0.0235761199,0.0775086573,1,50,SAT
0.0235737099,0.0774957033,1,50,SAT
0.023580709,0.0775219409,1,50,SAT
0.0235869553,0.0775436497,1,50,SAT
0.0235906711,0.0775585554,1,50,SAT
0.0235909051,0.0775493187,1,50,SAT
0.0235958124,0.0775535304,1,50,SAT
0.0236016369,0.0775677777,1,50,SAT
0.0236038437,0.0775762915,1,50,SAT
0.0236028327,0.0775713128,1,50,SAT
0.0236066845,0.0775716039,1,50,SAT
0.0236080518,0.0775739407,1,50,SAT
0.0236121924,0.0775691819,1,50,SAT
0.0236087009,0.0775541312,1,50,SAT
0.0236070334,0.0775456464,1,50,SAT
0.0236115327,0.0775587875,1,50,SAT
0.0236089985,0.0775478834,1,50,SAT
0.0236063467,0.0775363682,1,50,SAT
0.0236029001,0.0775206204,1,50,SAT
0.0236007183,0.0775075108,1,50,SAT
0.0235998402,0.0775011307,1,50,SAT
0.023597589,0.0774929944,1,50,SAT
0.0235984361,0.077496609,1,50,SAT
0.023595328,0.0774830803,1,50,SAT
0.0235944163,0.0774709496,1,50,SAT
0.0235924807,0.0774562524,1,50,SAT
0.023589847,0.0774465369,1,50,SAT
0.0235877914,0.077437419,1,50,SAT
0.0235855895,0.0774264989,1,50,SAT
0.0235849915,0.0774160902,1,50,SAT
0.023584811,0.0774043528,1,50,SAT
0.0235803573,0.0773887395,1,50,SAT
0.0235861105,0.0774127579,1,50,SAT
0.0235856201,0.0774074066,1,50,SAT
0.0235829369,0.0773947261,1,50,SAT
0.0235809728,0.0773878254,1,50,SAT
0.0235794896,0.0773774748,1,50,SAT
0.0235759481,0.0773697349,1,50,SAT
0.0235741765,0.0773580224,1,50,SAT
0.0235737459,0.0773529812,1,50,SAT
0.023570397,0.0773400021,1,50,SAT
0.0235694831,0.077335019,1,50,SAT
0.0235679339,0.0773268279,1,50,SAT
0.0235653176,0.0773183136,1,50,SAT
0.0235616578,0.0773063053,1,50,SAT
0.0235597647,0.0772938243,1,50,SAT
0.0235588103,0.0772846087,1,50,SAT
0.0235566055,0.0772755383,1,50,SAT
0.0235534913,0.0772625613,1,50,SAT
0.0235513951,0.0772480342,1,50,SAT
0.0235492707,0.0772396106,1,50,SAT
0.0235488918,0.0772352701,1,50,SAT
0.0235459935,0.0772207703,1,50,SAT
0.0235447488,0.0772127509,1,50,SAT
0.0235445073,0.0772107073,1,50,SAT
0.0235436065,0.0772057835,1,50,SAT
0.0235410931,0.0771991639,1,50,SAT
0.0235386985,0.0771872084,1,50,SAT
0.0235384346,0.07717938,1,50,SAT
0.0235361117,0.077167475,1,50,SAT
0.0235349197,0.0771611496,1,50,SAT
0.0235454896,0.0771905604,1,50,SAT
0.0235450901,0.0771790859,1,50,SAT
0.0235532317,0.0772026025,1,50,SAT
0.0235582262,0.0772197579,1,50,SAT
0.0235643156,0.0772257679,1,50,SAT
0.0235700671,0.0772387527,1,50,SAT
0.0235764161,0.0772518683,1,50,SAT
0.02358959,0.0772817931,1,50,SAT
0.0235945584,0.0772896149,1,50,SAT
0.0235929716,0.0772773878,1,50,SAT
0.0235912739,0.077267718,1,50,SAT
0.0235933928,0.0772721984,1,50,SAT
0.0235905885,0.077259847,1,50,SAT
0.0235880925,0.0772534206,1,50,SAT
0.0235859949,0.0772428419,1,50,SAT
0.0235834289,0.0772354968,1,50,SAT
0.023584666,0.0772364453,1,50,SAT
0.0235829957,0.0772229642,1,50,SAT
0.0235842708,0.077221887,1,50,SAT
0.0235814421,0.0772168809,1,50,SAT
0.0235790362,0.0772070225,1,50,SAT
0.0235761286,0.0771970703,1,50,SAT
0.0235740147,0.0771868307,1,50,SAT
0.0235722452,0.0771774521,1,50,SAT
0.023569432,0.0771641776,1,50,SAT
0.0235663559,0.0771497199,1,50,SAT
0.023564229,0.0771395346,1,50,SAT
0.0235614735,0.0771303686,1,50,SAT
0.0235589376,0.0771165132,1,50,SAT
0.0235576901,0.0771053927,1,50,SAT
0.023556583,0.0771060158,1,50,SAT
0.0235556035,0.0770940826,1,50,SAT
0.0235536842,0.0770817726,1,50,SAT
0.0235512221,0.0770743854,1,50,SAT
0.0235500164,0.0770670409,1,50,SAT
0.0235477997,0.0770568343,1,50,SAT
0.023545404,0.0770427733,1,50,SAT
0.0235428652,0.0770335534,1,50,SAT
0.0235402951,0.0770251472,1,50,SAT
0.0235398268,0.0770249223,1,50,SAT
0.0235387057,0.0770204592,1,50,SAT
0.0235366495,0.0770104466,1,50,SAT
0.0235343144,0.0770021922,1,50,SAT
0.0235316561,0.0769923447,1,50,SAT
0.0235298832,0.0769784502,1,50,SAT
0.0235283295,0.076966197,1,50,SAT
0.0235263614,0.0769571586,1,50,SAT
0.0235247077,0.0769493406,1,50,SAT
0.0235228989,0.0769409065,1,50,SAT
0.0235197929,0.0769274515,1,50,SAT
0.0235173479,0.0769206327,1,50,SAT
0.0235147451,0.0769105682,1,50,SAT
0.0235125968,0.0768997925,1,50,SAT
0.0235111298,0.0768867782,1,50,SAT
0.0235095604,0.0768757598,1,50,SAT
0.0235077886,0.0768712836,1,50,SAT
0.0235074607,0.076862671,1,50,SAT
0.023506364,0.0768529114,1,50,SAT
0.0235054672,0.0768560759,1,50,SAT
0.0235058871,0.0768531572,1,50,SAT
0.0235328256,0.0769185007,1,50,SAT
0.0235445571,0.0769444804,1,50,SAT
0.0235643591,0.076993782,1,50,SAT
0.0235842936,0.0770421754,1,50,SAT
0.0236030754,0.0770959312,1,50,SAT
0.0236171295,0.0771255672,1,50,SAT
0.0236327937,0.0771648565,1,50,SAT
0.023651818,0.0772104221,1,50,SAT
0.0236662635,0.0772428834,1,50,SAT
0.0236812875,0.0772895807,1,50,SAT
0.0236926953,0.0773240839,1,50,SAT
0.0237031426,0.0773572594,1,50,SAT
0.0237134011,0.0773837182,1,50,SAT
0.0237252487,0.0774130364,1,50,SAT
0.0237350409,0.0774353627,1,50,SAT
0.0237453863,0.0774642351,1,50,SAT
0.0237555691,0.0774904623,1,50,SAT
0.0237659477,0.077524058,1,50,SAT
0.023777845,0.0775559786,1,50,SAT
0.0237891381,0.0775877986,1,50,SAT
0.0237978844,0.077618298,1,50,SAT
0.0238047365,0.0776471477,1,50,SAT
0.0238151863,0.07767336,1,50,SAT
0.0238296435,0.0777037914,1,50,SAT
0.0238396288,0.0777302674,1,50,SAT
0.0238504532,0.0777566139,1,50,SAT
0.0238622935,0.0777847471,1,50,SAT
0.0238717455,0.0778163458,1,50,SAT
0.0238796057,0.0778379175,1,50,SAT
0.0238910829,0.0778622561,1,50,SAT
0.0239022988,0.077887596,1,50,SAT
0.0239142362,0.077921951,1,50,SAT
0.0239240159,0.0779486257,1,50,SAT
0.0239340857,0.0779793668,1,50,SAT
0.0239444049,0.0780080835,1,50,SAT
0.0239537058,0.0780347259,1,50,SAT
0.0239655174,0.0780587457,1,50,SAT
0.0239771803,0.0780882829,1,50,SAT
0.0239879869,0.0781136275,1,50,SAT
0.0239981048,0.0781441226,1,50,SAT
0.0240087237,0.078170848,1,50,SAT
0.024015646,0.078205034,1,50,SAT
0.0240256876,0.0782262419,1,50,SAT
0.024035357,0.0782555588,1,50,SAT
0.024045913,0.078279136,1,50,SAT
0.0240575277,0.0783085411,1,50,SAT
0.0240665746,0.078336684,1,50,SAT
0.0240768985,0.0783617176,1,50,SAT
0.0240863892,0.0783872652,1,50,SAT
0.0240982014,0.0784227706,1,50,SAT
0.0241071993,0.0784457086,1,50,SAT
0.0241184429,0.0784661834,1,50,SAT
0.0241282947,0.0784899207,1,50,SAT
0.0241364914,0.0785121926,1,50,SAT
0.0241458395,0.0785306401,1,50,SAT
0.0241546826,0.0785558348,1,50,SAT
0.0241664793,0.078585023,1,50,SAT
0.0241780555,0.0786189619,1,50,SAT
0.0241865713,0.0786505684,1,50,SAT
0.0241949265,0.0786673128,1,50,SAT
0.0242040628,0.0786909306,1,50,SAT
0.0242128373,0.0787186633,1,50,SAT
0.0242216888,0.0787480313,1,50,SAT
0.0242336462,0.0787749265,1,50,SAT
0.0242446789,0.0788083195,1,50,SAT
0.0242536353,0.0788328625,1,50,SAT
0.0242635718,0.0788604851,1,50,SAT
0.024274472,0.0788958862,1,50,SAT
0.0242847968,0.0789306085,1,50,SAT
0.0242936038,0.0789577085,1,50,SAT
0.0243048379,0.0789797892,1,50,SAT
0.0243122339,0.0789925055,1,50,SAT
0.0243237067,0.0790144221,1,50,SAT
0.0243342403,0.0790412348,1,50,SAT
0.0243434352,0.079071671,1,50,SAT
0.0243505615,0.0791008001,1,50,SAT
0.0243601236,0.0791284455,1,50,SAT
0.0243692879,0.0791538747,1,50,SAT
0.0243776369,0.0791785703,1,50,SAT
0.0243872786,0.0792040933,1,50,SAT
0.0243980468,0.0792293346,1,50,SAT
0.024407954,0.0792568351,1,50,SAT
0.0244211857,0.0792820383,1,50,SAT
0.0244301576,0.0793125505,1,50,SAT
0.024439851,0.0793334098,1,50,SAT
0.0244474831,0.0793593783,1,50,SAT
0.0244572257,0.0793788971,1,50,SAT
0.0244677636,0.0794052855,1,50,SAT
0.0244757894,0.0794326307,1,50,SAT
0.0244867737,0.0794573926,1,50,SAT
0.0245018561,0.0794920995,1,50,SAT
0.0245107198,0.0795132342,1,50,SAT
0.024520607,0.0795418981,1,50,SAT
0.0245308959,0.0795707082,1,50,SAT
0.0245420774,0.0795958084,1,50,SAT
0.024552131,0.0796237061,1,50,SAT
0.0245664221,0.0796594341,1,50,SAT
0.0245768564,0.0796820514,1,50,SAT
0.0245846598,0.0797048369,1,50,SAT
0.0245931479,0.0797270072,1,50,SAT
0.0246045873,0.0797518918,1,50,SAT
0.0246156697,0.0797763245,1,50,SAT
0.0246249342,0.0798002052,1,50,SAT
0.0246338055,0.0798183328,1,50,SAT
0.0246442309,0.079845249,1,50,SAT
0.0246539232,0.0798683653,1,50,SAT
0.0246615971,0.0798929502,1,50,SAT
0.0246711044,0.0799210473,1,50,SAT
0.0246794923,0.079944421,1,50,SAT
0.0246888663,0.0799627983,1,50,SAT
0.0246988877,0.0799871418,1,50,SAT
0.0247096564,0.0800158121,1,50,SAT
0.0247165215,0.0800354626,1,50,SAT
0.0247247959,0.0800608974,1,50,SAT
0.0247408041,0.0801038829,1,50,SAT
0.0247464941,0.0801129513,1,50,SAT
0.0247563083,0.0801417414,1,50,SAT
0.0247656303,0.0801691951,1,50,SAT
0.0247764864,0.0801980024,1,50,SAT
0.0247877355,0.0802247052,1,50,SAT
0.0248024643,0.0802543104,1,50,SAT
0.0248150796,0.080280935,1,50,SAT
0.0248246223,0.0803009009,1,50,SAT
0.0248359643,0.0803278765,1,50,SAT
0.0248459351,0.080355537,1,50,SAT
0.0248557307,0.0803840906,1,50,SAT
0.0248653653,0.0804057825,1,50,SAT
0.0248733649,0.0804341997,1,50,SAT
0.0248843607,0.0804576427,1,50,SAT
0.0248945512,0.0804872671,1,50,SAT
0.0249035527,0.080514517,1,50,SAT
0.0249135666,0.0805490277,1,50,SAT
0.0249205664,0.0805690087,1,50,SAT
0.0249306133,0.0805898719,1,50,SAT
0.0249418004,0.080624906,1,50,SAT
0.0249504025,0.0806495712,1,50,SAT
0.0249597919,0.0806707673,1,50,SAT
0.0249681591,0.0806920165,1,50,SAT
0.0249762741,0.080711194,1,50,SAT
0.0249858036,0.0807289399,1,50,SAT
0.0249952486,0.0807514856,1,50,SAT
0.0250052012,0.08076927,1,50,SAT
0.0250131332,0.0807858229,1,50,SAT
0.0250219486,0.0808062381,1,50,SAT
0.0250293922,0.0808307699,1,50,SAT
0.0250376445,0.0808506214,1,50,SAT
0.0250476891,0.0808737786,1,50,SAT
0.0250568383,0.0808920835,1,50,SAT
0.0250639067,0.0809133688,1,50,SAT
0.0250766291,0.0809450963,1,50,SAT
0.025086783,0.0809723973,1,50,SAT
0.0250995684,0.0810021237,1,50,SAT
0.0251194836,0.0810555327,1,50,SAT
0.0251441773,0.0811229057,1,50,SAT
0.0251640562,0.0811867215,1,50,SAT
0.0251811458,0.0812326597,1,50,SAT
0.025191018,0.0812544539,1,50,SAT
0.0252037837,0.0812858195,1,50,SAT
0.025210031,0.0813076425,1,50,SAT
0.0252206777,0.0813321653,1,50,SAT
0.0252268295,0.0813434313,1,50,SAT
0.0252354601,0.0813649163,1,50,SAT
0.0252443294,0.0813906173,1,50,SAT
0.0252544017,0.0814133851,1,50,SAT
0.0252639839,0.0814319337,1,50,SAT
0.0252738716,0.0814587825,1,50,SAT
0.0252806526,0.0814776406,1,50,SAT
0.0252899342,0.0814940307,1,50,SAT
0.0252995988,0.08151608,1,50,SAT
0.02531138,0.0815473846,1,50,SAT
0.0253291563,0.0816031574,1,50,SAT
0.0253450265,0.0816415125,1,50,SAT
0.0253548422,0.0816740032,1,50,SAT
0.0253748941,0.0817228638,1,50,SAT
0.0253888572,0.0817632845,1,50,SAT
0.02540487,0.0818013838,1,50,SAT
0.0254210092,0.0818371075,1,50,SAT
0.0254411568,0.0818978283,1,50,SAT
0.0254548461,0.0819282368,1,50,SAT
0.025464337,0.0819543156,1,50,SAT
0.0254753721,0.0819847506,1,50,SAT
0.025491561,0.0820234515,1,50,SAT
0.0255026528,0.0820518077,1,50,SAT
0.0255152362,0.0820885629,1,50,SAT
0.0255281129,0.0821218112,1,50,SAT
0.0255347039,0.082140212,1,50,SAT
0.0255488592,0.0821635334,1,50,SAT
0.0255641737,0.082201425,1,50,SAT
0.0255785648,0.0822402331,1,50,SAT
0.0255932817,0.0822732425,1,50,SAT
0.0256101979,0.0823127855,1,50,SAT
0.0256266464,0.0823525893,1,50,SAT
0.0256433428,0.082392101,1,50,SAT
0.0256567423,0.0824358365,1,50,SAT
0.0256715446,0.0824834147,1,50,SAT
0.025681858,0.0825116472,1,50,SAT
0.0257089003,0.0825960322,1,50,SAT
0.0257252245,0.0826323986,1,50,SAT
0.0257416449,0.0826789008,1,50,SAT
0.0257605543,0.0827357006,1,50,SAT
0.0257793594,0.082787575,1,50,SAT
0.0257978566,0.0828302515,1,50,SAT
0.025808082,0.0828590295,1,50,SAT
0.0258286199,0.0829153856,1,50,SAT
0.0258456864,0.0829703174,1,50,SAT
0.0258669452,0.0830286262,1,50,SAT
0.0258738652,0.0830437229,1,50,SAT
0.0258913466,0.0830819451,1,50,SAT
0.0259067086,0.0831211767,1,50,SAT
0.0259248541,0.083173663,1,50,SAT
0.0259489932,0.0832477921,1,50,SAT
0.0259741288,0.08330503,1,50,SAT
0.0259865098,0.0833355308,1,50,SAT
0.0259999841,0.0833637442,1,50,SAT
0.0260152787,0.0834023679,1,50,SAT
0.0260352893,0.0834601333,1,50,SAT
0.0260404095,0.083478289,1,50,SAT
0.0260521396,0.0835093853,1,50,SAT
0.0260606504,0.0835330662,1,50,SAT
0.0260705063,0.0835570392,1,50,SAT
0.0260797439,0.083576835,1,50,SAT
0.0260879193,0.0835963159,1,50,SAT
0.0260968774,0.0836214074,1,50,SAT
0.0261118246,0.0836659025,1,50,SAT
0.0261277335,0.0837208598,1,50,SAT
0.0261337536,0.0837321318,1,50,SAT
0.0261427721,0.0837526964,1,50,SAT
0.026151769,0.0837735847,1,50,SAT
0.0261609517,0.0837987108,1,50,SAT
0.026166969,0.083823542,1,50,SAT
0.0261751258,0.0838440273,1,50,SAT
0.026185229,0.0838669651,1,50,SAT
0.0261935099,0.0838956729,1,50,SAT
0.026201946,0.083914805,1,50,SAT
0.0262073367,0.0839276519,1,50,SAT
0.026253364,0.0840338738,1,50,SAT
0.026297164,0.0841449254,1,50,SAT
0.0263414001,0.084246806,1,50,SAT
0.0263825835,0.0843687995,1,50,SAT
0.0264285948,0.0844863354,1,50,SAT
0.0264745597,0.0846056481,1,50,SAT
0.0265230651,0.0847251188,1,50,SAT
0.0265675664,0.0848331704,1,50,SAT
0.0266062774,0.0849446775,1,50,SAT
0.0266394291,0.0850647107,1,50,SAT
0.0266787023,0.0851780757,1,50,SAT
0.0267123732,0.0852768429,1,50,SAT
0.0267468963,0.0853680492,1,50,SAT
0.0267663792,0.0854245304,1,50,SAT
0.0267891352,0.0854821633,1,50,SAT
0.026810603,0.0855363613,1,50,SAT
0.0268320002,0.0855852275,1,50,SAT
0.0268542787,0.0856433275,1,50,SAT
0.0268756369,0.0856956035,1,50,SAT
0.0268969772,0.0857531939,1,50,SAT
0.0269149007,0.0858078604,1,50,SAT
0.0269348421,0.0858567709,1,50,SAT
0.0269536467,0.0859007736,1,50,SAT
0.0269722894,0.0859437966,1,50,SAT
0.0269929039,0.0859973881,1,50,SAT
0.0270166399,0.0860603369,1,50,SAT
0.0270349367,0.0861049533,1,50,SAT
0.0270546314,0.0861578532,1,50,SAT
0.0270678656,0.0861980677,1,50,SAT
0.0270859584,0.0862496329,1,50,SAT
0.0271093936,0.0863089583,1,50,SAT
0.0271240394,0.0863482701,1,50,SAT
0.0271417974,0.086401259,1,50,SAT
0.0271609208,0.0864479642,1,50,SAT
0.0271770448,0.0864865648,1,50,SAT
0.027191986,0.0865233096,1,50,SAT
0.0272086222,0.0865623582,1,50,SAT
0.0272279241,0.0866085643,1,50,SAT
0.0272467863,0.0866599319,1,50,SAT
0.0272651243,0.0867180162,1,50,SAT
0.0272790116,0.0867575975,1,50,SAT
0.0272938538,0.0867955351,1,50,SAT
0.0273119532,0.0868498622,1,50,SAT
0.0273319986,0.0868974038,1,50,SAT
0.0273528138,0.0869458276,1,50,SAT
0.027377721,0.0870092972,1,50,SAT
0.0274013914,0.0870641951,1,50,SAT
0.0274206392,0.0871183362,1,50,SAT
0.0274362678,0.0871596486,1,50,SAT
0.0274501522,0.0871952151,1,50,SAT
0.0274741005,0.0872390598,1,50,SAT
0.0275013076,0.0873112966,1,50,SAT
0.0275300246,0.0874051013,1,50,SAT
0.0275621375,0.0874909458,1,50,SAT
0.0275913682,0.087555449,1,50,SAT
0.0276128595,0.0876026491,1,50,SAT
0.0276312521,0.0876506146,1,50,SAT
0.0276531449,0.087699514,1,50,SAT
0.0276724446,0.0877445548,1,50,SAT
0.027692218,0.0877941113,1,50,SAT
0.0277135095,0.0878494205,1,50,SAT
0.0277312771,0.0878922065,1,50,SAT
0.0277521377,0.0879443707,1,50,SAT
0.0277687212,0.087977754,1,50,SAT
0.0277894089,0.0880258502,1,50,SAT
0.027815742,0.0880903482,1,50,SAT
0.0278374126,0.0881390339,1,50,SAT
0.0278551736,0.0881819082,1,50,SAT
0.0278786939,0.0882372792,1,50,SAT
0.0279013584,0.0882925078,1,50,SAT
0.0279204143,0.0883317365,1,50,SAT
0.0279366391,0.0883724695,1,50,SAT
0.0279637168,0.0884566161,1,50,SAT
0.0279852387,0.088505934,1,50,SAT
0.0280023189,0.0885505141,1,50,SAT
0.0280215351,0.0885908416,1,50,SAT
0.0280391196,0.0886311162,1,50,SAT
0.0280586887,0.0886804967,1,50,SAT
0.028072609,0.0887177376,1,50,SAT
0.0280860269,0.0887545132,1,50,SAT
0.0281041058,0.0888015492,1,50,SAT
0.0281183136,0.0888342341,1,50,SAT
0.0281354481,0.0888860506,1,50,SAT
0.0281529815,0.0889320121,1,50,SAT
0.0281670865,0.0889734445,1,50,SAT
0.0281850489,0.0890254633,1,50,SAT
0.0282089366,0.0890859065,1,50,SAT
0.028239684,0.0891617626,1,50,SAT
0.0282633901,0.0892330174,1,50,SAT
0.0282883704,0.0892911585,1,50,SAT
0.0283097539,0.089347613,1,50,SAT
0.0283380993,0.0894189126,1,50,SAT
0.0283650401,0.0894963731,1,50,SAT
0.0283992245,0.0895834742,1,50,SAT
0.0284313967,0.0896603397,1,50,SAT
0.0284617223,0.0897443029,1,50,SAT
0.0284836866,0.0898088115,1,50,SAT
0.0285126364,0.0898823129,1,50,SAT
0.028532335,0.0899318873,1,50,SAT
0.0285513436,0.0899666649,1,50,SAT
0.028576214,0.0900268808,1,50,SAT
0.0285936305,0.0900602377,1,50,SAT
0.0286129806,0.0901049878,1,50,SAT
0.0286316723,0.0901437508,1,50,SAT
0.0286470374,0.0901835013,1,50,SAT
0.0286713856,0.0902500649,1,50,SAT
0.0287059439,0.0903260316,1,50,SAT
0.0287357811,0.0904068574,1,50,SAT
0.0287522959,0.0904385183,1,50,SAT
0.0287846049,0.0905216804,1,50,SAT
0.0288163016,0.0906126969,1,50,SAT
0.0288404779,0.0906906134,1,50,SAT
0.0288688203,0.0907708949,1,50,SAT
0.0289009985,0.0908630632,1,50,SAT
0.0289121972,0.0908948375,1,50,SAT
0.0289156269,0.0908967712,1,50,SAT
0.0289273865,0.0909295885,1,50,SAT
0.0289389587,0.0909579043,1,50,SAT
0.0289428857,0.0909600176,1,50,SAT
0.02896893,0.0910346755,1,50,SAT
0.028978828,0.0910549879,1,50,SAT
0.0289845274,0.0910700292,1,50,SAT
0.0289979004,0.0911063372,1,50,SAT
0.0290082084,0.0911335116,1,50,SAT
0.0290174138,0.0911574609,1,50,SAT
0.0290286298,0.0911812608,1,50,SAT
0.0290424721,0.0912102263,1,50,SAT
0.0290564093,0.0912405799,1,50,SAT
0.0290672731,0.0912685607,1,50,SAT
0.0290694403,0.0912666183,1,50,SAT
0.0290756538,0.0912817657,1,50,SAT
0.0290791951,0.0912915899,1,50,SAT
0.0290843334,0.0912951471,1,50,SAT
0.0290869214,0.0912951042,1,50,SAT
0.0290903283,0.0913046425,1,50,SAT
0.0290910425,0.0912995656,1,50,SAT
0.0290950292,0.0913040852,1,50,SAT
0.029097846,0.0913086378,1,50,SAT
0.0291017691,0.0913176684,1,50,SAT
0.0291046123,0.0913162075,1,50,SAT
0.0291088921,0.0913230093,1,50,SAT
0.0291143977,0.0913276681,1,50,SAT
0.0291193921,0.0913421608,1,50,SAT
0.0291309721,0.091362076,1,50,SAT
0.0291406429,0.0913827159,1,50,SAT
0.0291504092,0.0913992304,1,50,SAT
0.0291559684,0.09140324,1,50,SAT
0.0291638771,0.0914217851,1,50,SAT
0.0291751085,0.091453452,1,50,SAT
0.0291787851,0.091462414,1,50,SAT
0.0291900761,0.0914850696,1,50,SAT
0.0292015093,0.0915207062,1,50,SAT
0.0292123354,0.0915345262,1,50,SAT
0.0292228513,0.0915488492,1,50,SAT
0.0292309102,0.0915625682,1,50,SAT
0.0292436609,0.0915821961,1,50,SAT
0.0292463924,0.0915869936,1,50,SAT
0.0292553307,0.0916017803,1,50,SAT
0.02926173,0.0916140348,1,50,SAT
0.0292689799,0.0916289279,1,50,SAT
0.0292844463,0.0916631847,1,50,SAT
0.029288112,0.0916764276,1,50,SAT
0.0292921567,0.0916867092,1,50,SAT
0.0292957717,0.0916910481,1,50,SAT
0.0293049713,0.0917073004,1,50,SAT
0.0293111926,0.0917240498,1,50,SAT
0.0293190246,0.0917357392,1,50,SAT
0.0293235312,0.091746072,1,50,SAT
0.0293300972,0.0917499007,1,50,SAT
0.0293353144,0.0917559825,1,50,SAT
0.0293413358,0.0917692084,1,50,SAT
0.0293474939,0.0917737817,1,50,SAT
0.029350695,0.0917798827,1,50,SAT
0.0293532344,0.0917862784,1,50,SAT
0.0293589738,0.0917966171,1,50,SAT
0.0293642305,0.0918123459,1,50,SAT
0.0293696339,0.0918316654,1,50,SAT
0.0293786646,0.0918558806,1,50,SAT
0.0293868007,0.0918728063,1,50,SAT
0.0293960026,0.0918937152,1,50,SAT
0.0294057401,0.0919239917,1,50,SAT
0.0294205342,0.0919539492,1,50,SAT
0.0294335838,0.0919906369,1,50,SAT
0.0294465113,0.0920074004,1,50,SAT
0.0294635929,0.0920379682,1,50,SAT
0.0294729104,0.092051466,1,50,SAT
0.0294806776,0.0920591029,1,50,SAT
0.0294834803,0.0920799436,1,50,SAT
0.0294903704,0.0920914014,1,50,SAT
0.0294960669,0.0921002849,1,50,SAT
0.0295030945,0.0921113989,1,50,SAT
0.0295112415,0.0921314448,1,50,SAT
0.0295195077,0.0921472165,1,50,SAT
0.0295255875,0.0921636613,1,50,SAT
0.0295301975,0.0921677491,1,50,SAT
0.0295336959,0.0921748584,1,50,SAT
0.0295367157,0.0921882155,1,50,SAT
0.0295468101,0.0922055142,1,50,SAT
0.0295577813,0.0922262186,1,50,SAT
0.0295672209,0.0922481781,1,50,SAT
0.0295767708,0.0922719974,1,50,SAT
0.0295859523,0.0922969224,1,50,SAT
0.0295977302,0.0923319711,1,50,SAT
0.0296088121,0.092352579,1,50,SAT
0.0296130547,0.092358703,1,50,SAT
0.0296170387,0.0923618992,1,50,SAT
0.0296236691,0.0923695218,1,50,SAT
0.0296279243,0.0923750747,1,50,SAT
0.0296325314,0.092380924,1,50,SAT
0.0296350179,0.0923867778,1,50,SAT
0.0296390251,0.0923917938,1,50,SAT
0.029643858,0.0924007178,1,50,SAT
0.0296515832,0.0924187187,1,50,SAT
0.029657515,0.0924300583,1,50,SAT
0.0296611312,0.0924360206,1,50,SAT
0.0296664206,0.0924489255,1,50,SAT
0.0296709116,0.0924550198,1,50,SAT
0.0296760014,0.0924670906,1,50,SAT
0.0296800921,0.0924742018,1,50,SAT
0.0296858983,0.0924868798,1,50,SAT
0.0296918847,0.0924944348,1,50,SAT
0.0296974261,0.0924961457,1,50,SAT
0.0297018864,0.0925027311,1,50,SAT
0.0297115114,0.0925335468,1,50,SAT
0.0297147433,0.0925402144,1,50,SAT
0.0297205637,0.0925508156,1,50,SAT
0.029729146,0.0925739504,1,50,SAT
0.0297462792,0.0926161496,1,50,SAT
0.0297631949,0.0926548072,1,50,SAT
0.0297716266,0.0926732658,1,50,SAT
0.0297798007,0.092701926,1,50,SAT
0.0297930721,0.0927252848,1,50,SAT
0.0298049106,0.0927508921,1,50,SAT
0.0298186356,0.0927867797,1,50,SAT
0.0298211266,0.0927843187,1,50,SAT
0.0298268607,0.0927924615,1,50,SAT
0.0298329936,0.0928065973,1,50,SAT
0.029842606,0.0928331017,1,50,SAT
0.029853583,0.0928604536,1,50,SAT
0.0298713404,0.092893643,1,50,SAT
0.0298761532,0.0929128716,1,50,SAT
0.0298871598,0.0929378288,1,50,SAT
0.0298967882,0.0929545147,1,50,SAT
0.029902266,0.0929602385,1,50,SAT
0.0299060061,0.0929610753,1,50,SAT
0.0299179087,0.0929789441,1,50,SAT
0.0299276223,0.0930016958,1,50,SAT
0.0299350275,0.0930242064,1,50,SAT
0.0299495329,0.0930609076,1,50,SAT
0.0299637238,0.0930929694,1,50,SAT
0.0299776148,0.0931243752,1,50,SAT
0.0299854383,0.0931336005,1,50,SAT
0.0299913803,0.0931413972,1,50,SAT
0.0299955327,0.0931482581,1,50,SAT
0.0299996865,0.0931477679,1,50,SAT
0.0300060252,0.0931550765,1,50,SAT
0.030015239,0.0931751666,1,50,SAT
0.0300203945,0.0931819533,1,50,SAT
0.0300234824,0.0931912299,1,50,SAT
0.0300273261,0.0931889413,1,50,SAT
0.0300334288,0.0932048909,1,50,SAT
0.0300408199,0.0932137074,1,50,SAT
0.0300444158,0.0932173095,1,50,SAT
0.0300495756,0.0932215737,1,50,SAT
0.0300508563,0.0932177666,1,50,SAT
0.0300549239,0.0932244542,1,50,SAT
0.0300591317,0.0932331513,1,50,SAT
0.0300634418,0.0932381885,1,50,SAT
0.0300683169,0.0932416495,1,50,SAT
0.030073519,0.0932473825,1,50,SAT
0.0300771987,0.0932571287,1,50,SAT
0.0300834029,0.0932731657,1,50,SAT
0.0300849422,0.0932716789,1,50,SAT
0.0300920066,0.0932832197,1,50,SAT
0.0301013805,0.0933050293,1,50,SAT
0.0301095152,0.0933310074,1,50,SAT
0.0301205527,0.0933631214,1,50,SAT
0.0301238361,0.0933770296,1,50,SAT
0.0301249144,0.0933751938,1,50,SAT
0.0301332092,0.0933957186,1,50,SAT
0.0301346386,0.0933961757,1,50,SAT
0.0301374656,0.0933965763,1,50,SAT
0.0301422297,0.0934084673,1,50,SAT
0.0301442176,0.0934055696,1,50,SAT
0.0301465031,0.0934124368,1,50,SAT
0.0301499958,0.0934155732,1,50,SAT
0.0301613106,0.0934215385,1,50,SAT
0.030164739,0.0934251505,1,50,SAT
0.0301675115,0.0934266728,1,50,SAT
0.0301700351,0.093426508,1,50,SAT
0.0301748669,0.0934287327,1,50,SAT
0.0301781769,0.0934359015,1,50,SAT
0.0301825886,0.0934419447,1,50,SAT
0.0301861338,0.0934472408,1,50,SAT
0.030189848,0.0934529586,1,50,SAT
0.0301926175,0.0934560618,1,50,SAT
0.0301956405,0.0934589551,1,50,SAT
0.030198878,0.0934619072,1,50,SAT
0.0302014748,0.0934640035,1,50,SAT
0.0302043273,0.0934645968,1,50,SAT
0.0302102193,0.0934646274,1,50,SAT
0.0302177105,0.0934698766,1,50,SAT
0.0302217397,0.0934769785,1,50,SAT
0.0302260132,0.0934862703,1,50,SAT
0.0302315081,0.0934959171,1,50,SAT
0.0302333547,0.0934930353,1,50,SAT
0.0302373233,0.0934964624,1,50,SAT
0.0302398676,0.0934983568,1,50,SAT
0.0302450162,0.0934971883,1,50,SAT
0.0302486833,0.0934994809,1,50,SAT
0.0302523853,0.093506564,1,50,SAT
0.0302556322,0.0935079617,1,50,SAT
0.0302611259,0.0935108136,1,50,SAT
0.030267387,0.093514575,1,50,SAT
0.0302730347,0.0935147509,1,50,SAT
0.0302773145,0.0935215754,1,50,SAT
0.0302820122,0.093530809,1,50,SAT
0.0302942068,0.0935604172,1,50,SAT
0.0303013304,0.0935796358,1,50,SAT
0.030314856,0.093603101,1,50,SAT
0.0303225574,0.0936283411,1,50,SAT
0.030338509,0.0936522173,1,50,SAT
0.0303406511,0.0936472777,1,50,SAT
0.030356856,0.0936781111,1,50,SAT
0.0303732707,0.0937061954,1,50,SAT
0.0303739924,0.0936976649,1,50,SAT
0.030376509,0.0936960134,1,50,SAT
0.0303918041,0.093724069,1,50,SAT
0.0303964662,0.0937231229,1,50,SAT
0.0303982483,0.0937231504,1,50,SAT
0.030400854,0.0937285884,1,50,SAT
0.0304079476,0.093735619,1,50,SAT
0.0304168151,0.093748089,1,50,SAT
0.0304205356,0.0937524028,1,50,SAT
0.0304225961,0.0937570157,1,50,SAT
0.0304272179,0.0937679395,1,50,SAT
0.030432828,0.0937731765,1,50,SAT
0.030438082,0.0937742232,1,50,SAT
0.0304437319,0.0937802037,1,50,SAT
0.0304495295,0.0937922561,1,50,SAT
0.0304513636,0.0937967045,1,50,SAT
0.0304552993,0.0938030419,1,50,SAT
0.0304564632,0.0938058,1,50,SAT
0.0304596816,0.0938097964,1,50,SAT
0.03046288,0.0938126964,1,50,SAT
0.0304675274,0.0938170299,1,50,SAT
0.0304693209,0.0938155531,1,50,SAT
0.0304727262,0.0938163207,1,50,SAT
0.0304773874,0.0938230938,1,50,SAT
0.0304824247,0.0938300835,1,50,SAT
0.0304927903,0.0938380346,1,50,SAT
0.0304968104,0.0938435673,1,50,SAT
0.0304991622,0.0938475139,1,50,SAT
0.0305024868,0.0938526808,1,50,SAT
0.0305088626,0.093853962,1,50,SAT
0.0305144694,0.0938603743,1,50,SAT
0.0305165531,0.0938625094,1,50,SAT
0.030519592,0.0938609734,1,50,SAT
0.0305356027,0.0938653572,1,50,SAT
0.0305426024,0.0938711605,1,50,SAT
0.0305450393,0.0938736454,1,50,SAT
0.0305540798,0.0938862877,1,50,SAT
0.0305611755,0.0938982454,1,50,SAT
0.030568815,0.09389964,1,50,SAT
0.0305772662,0.0939064329,1,50,SAT
0.0305809641,0.0939046633,1,50,SAT
0.030587114,0.0939067932,1,50,SAT
0.0305919838,0.0939143927,1,50,SAT
0.0305999405,0.0939210304,1,50,SAT
0.0306034004,0.0939278326,1,50,SAT
0.0306064272,0.0939283994,1,50,SAT
0.0306165235,0.0939350537,1,50,SAT
0.0306211961,0.0939365546,1,50,SAT
0.0306269764,0.093943823,1,50,SAT
0.0306287801,0.0939438243,1,50,SAT
0.0306367545,0.0939491225,1,50,SAT
0.0306426695,0.0939597247,1,50,SAT
0.030647654,0.0939595443,1,50,SAT
0.0306523905,0.0939638631,1,50,SAT
0.0306550753,0.0939656513,1,50,SAT
0.0306617581,0.0939728072,1,50,SAT
0.0306665853,0.0939789441,1,50,SAT
0.0306851514,0.0939880856,1,50,SAT
0.0307001787,0.0939981477,1,50,SAT
0.0307025393,0.0939996879,1,50,SAT
0.0307068561,0.0940031055,1,50,SAT
0.0307096303,0.0940028528,1,50,SAT
0.0307164176,0.094011914,1,50,SAT
0.0307201397,0.0940189115,1,50,SAT
0.0307242714,0.0940245606,0.9,50,SAT
0.0307338437,0.0940310559,1,50,SAT
0.0307405932,0.0940344379,1,50,SAT
0.0307466254,0.0940369215,1,50,SAT
0.0307525298,0.0940478677,1,50,SAT
0.030756063,0.0940520574,1,50,SAT
0.0307626558,0.0940570832,1,50,SAT
0.0307684737,0.0940575488,1,50,SAT
0.030777001,0.0940602133,1,50,SAT
0.030785913,0.0940822392,1,50,SAT
0.0307937157,0.0940913892,1,50,SAT
0.0308027193,0.0941080013,1,50,SAT
0.030819394,0.0941298493,1,50,SAT
0.0308301107,0.0941558349,1,50,SAT
0.0308482144,0.0941965716,1,50,SAT
0.0308522397,0.0942040001,1,50,SAT
0.0308665286,0.0942345763,1,50,SAT
0.0308721875,0.0942414432,1,50,SAT
0.0308799256,0.094261944,1,50,SAT
0.0308895219,0.0942876898,1,50,SAT
0.0309100137,0.0943258274,1,50,SAT
0.0309338676,0.094372825,1,50,SAT
0.0309409261,0.0943758489,1,50,SAT
0.0309556394,0.0944088234,1,50,SAT
0.0309695627,0.0944340915,1,50,SAT
0.0309755742,0.0944356763,1,50,SAT
0.0309882776,0.0944686317,1,50,SAT
0.0309965973,0.0944841435,1,50,SAT
0.0310054013,0.0944994076,1,50,SAT
0.0310148915,0.0945328256,1,50,SAT
0.0310354073,0.0945619397,1,50,SAT
0.0310500396,0.0945942841,1,50,SAT
0.0310567564,0.0945959502,1,50,SAT
0.0310636179,0.0946005464,1,50,SAT
0.0310753859,0.0946362875,0.9,50,SAT
0.0311049285,0.0946787731,1,50,SAT
0.0311171697,0.0947038668,1,50,SAT
0.0311302735,0.0947278815,1,50,SAT
0.0311381364,0.0947409319,1,50,SAT
0.0311527007,0.0947700997,1,50,SAT
0.0311578133,0.0947764112,1,50,SAT
0.031161535,0.094783821,1,50,SAT
0.0311679698,0.0947872966,1,50,SAT
0.0311736481,0.094794667,1,50,SAT
0.0311816969,0.0947981846,1,50,SAT
0.0311907021,0.0948141691,1,50,SAT
0.0311982278,0.0948218002,0.9,50,SAT
0.0312041486,0.0948322257,1,50,SAT
0.0312255687,0.0948527491,1,50,SAT
0.0312289344,0.0948472401,1,50,SAT
0.0312354507,0.0948539402,1,50,SAT
0.03124516,0.0948712359,1,50,SAT
0.0312585264,0.0948991555,1,50,SAT
0.0312727908,0.0949288755,1,50,SAT
0.0312814228,0.0949436631,1,50,SAT
0.0312977529,0.0949722091,1,50,SAT
0.0313069987,0.0949869814,0.9,50,SAT
0.0313157192,0.0949939985,1,50,SAT
0.0313288542,0.095004266,1,50,SAT
0.03133233,0.0950062953,1,50,SAT
0.0313427735,0.0950177179,1,50,SAT
0.0313543682,0.0950442131,1,50,SAT
0.0313637327,0.0950484429,1,50,SAT
0.0313713931,0.095055785,1,50,SAT
0.0313784113,0.0950631346,1,50,SAT
0.0313878051,0.0950740099,1,50,SAT
0.0314016335,0.0950959107,1,50,SAT
0.0314052559,0.0950949544,1,50,SAT
0.0314151657,0.0951146156,1,50,SAT
0.0314230851,0.0951262462,1,50,SAT
0.0314292617,0.0951357379,0.8,50,SAT
0.031434206,0.0951400157,0.9,50,SAT
0.0314401642,0.0951439,0.9,50,SAT
0.0314439504,0.0951473437,1,50,SAT
0.0314516286,0.095150085,1,50,SAT
0.0314574197,0.0951567984,1,50,SAT
0.0314642581,0.0951589525,1,50,SAT
0.031469545,0.095164089,1,50,SAT
0.0314759223,0.0951747041,1,50,SAT
0.0314799126,0.095180146,1,50,SAT
0.0314866003,0.0951828368,1,50,SAT
0.0314960984,0.0951905595,1,50,SAT
0.0315009031,0.0951980523,1,50,SAT
0.0315056613,0.095205836,0.8,50,SAT
0.0315143998,0.0952130526,1,50,SAT
0.0315206678,0.0952227575,1,50,SAT
0.0315254819,0.0952372313,0.7,50,SAT
0.0315394678,0.0952634171,1,50,SAT
0.0315405211,0.0952674314,1,50,SAT
0.0315524951,0.0952903198,1,50,SAT
0.031558781,0.0953050899,1,50,SAT
0.031574956,0.0953476751,1,50,SAT
0.0315805112,0.0953539118,1,50,SAT
0.0315925537,0.0953728603,0.9,50,SAT
0.0316112848,0.0954242362,1,50,SAT
0.0316179638,0.0954294253,1,50,SAT
0.0316281431,0.0954511771,1,50,SAT
0.0316321068,0.0954538035,1,50,SAT
0.0316402345,0.0954761468,0.6,50,SAT
0.0316627745,0.0955097586,1,50,SAT
0.0316717364,0.095527347,1,50,SAT
0.0316826687,0.0955453092,1,50,SAT
0.0316984695,0.0955621308,1,50,SAT
0.0317216024,0.0955986002,0.9,50,SAT
0.0317383425,0.0956350204,0.9,50,SAT
0.0317453906,0.0956475025,0.9,50,SAT
0.0317586519,0.0956699636,1,50,SAT
0.0317662223,0.0956743007,1,50,SAT
0.0317703069,0.0956850745,1,50,SAT
0.0317788315,0.0956912006,1,50,SAT
0.0317832789,0.0956942421,1,50,SAT
0.0317868253,0.0956993036,1,50,SAT
0.0317935966,0.095715739,1,50,SAT
0.0318036807,0.0957222954,1,50,SAT
0.0318073097,0.0957238272,1,50,SAT
0.0318109438,0.0957277045,1,50,SAT
0.0318153245,0.0957340144,1,50,SAT
0.0318213937,0.0957341703,1,50,SAT
0.0318242705,0.0957394222,1,50,SAT
0.0318343035,0.0957481763,1,50,SAT
0.0318398216,0.0957559374,1,50,SAT
0.0318464241,0.0957631633,1,50,SAT
0.0318516673,0.0957666633,1,50,SAT
0.0318602751,0.0957769054,1,50,SAT
0.0318614764,0.0957776729,1,50,SAT
0.0318638318,0.0957804711,0.9,50,SAT
0.0318692492,0.0957827078,1,50,SAT
0.0318762454,0.0957943295,1,50,SAT
0.0318800666,0.0957973264,1,50,SAT
0.0318835389,0.0957983484,0.9,50,SAT
0.0318871161,0.0958028052,0.9,50,SAT
0.0318905235,0.0958093662,1,50,SAT
0.0318970508,0.0958242213,1,50,SAT
0.0318991316,0.0958277515,0.9,50,SAT
0.0319036882,0.0958328885,1,50,SAT
0.0319060509,0.0958386147,1,50,SAT
0.0319076287,0.0958390885,1,50,SAT
0.0319158575,0.0958423121,1,50,SAT
0.0319174537,0.0958410875,1,50,SAT
0.0319182296,0.0958428895,0.8,50,SAT
0.0319235257,0.095852922,1,50,SAT
0.0319286572,0.0958618669,1,50,SAT
0.0319317117,0.0958668663,1,50,SAT
0.0319346144,0.0958702,1,50,SAT
0.0319388706,0.0958746627,1,50,SAT
0.0319406468,0.0958739961,1,50,SAT
0.0319448249,0.0958762324,1,50,SAT
0.0319471681,0.0958813855,0.9,50,SAT
0.0319543555,0.0958896359,1,50,SAT
0.0319571894,0.0958934835,1,50,SAT
0.0319614304,0.0958961884,0.9,50,SAT
0.0319675685,0.0959073443,1,50,SAT
0.0319693832,0.0959101236,0.8,50,SAT
0.0319748875,0.0959179993,1,50,SAT
0.0319741316,0.0959196816,0.7,50,SAT
0.0319748164,0.0959219815,1,50,SAT
0.0319779682,0.0959255684,1,50,SAT
0.0319821845,0.0959343678,1,50,SAT
0.0319847756,0.0959389479,1,50,SAT
0.0319847092,0.0959421863,0.5,50,SAT
0.0319865516,0.0959443432,0.9,50,SAT
0.031985989,0.0959453832,0.8,50,SAT
0.0319868959,0.0959438295,1,50,SAT
0.0319894275,0.095947679,1,50,SAT
0.0319927671,0.0959495302,0.9,50,SAT
0.031997303,0.0959497131,1,50,SAT
0.032002691,0.0959546402,1,50,SAT
0.0320098323,0.0959696687,1,50,SAT
0.0320385775,0.0960434137,1,50,SAT
0.0320608156,0.0960985899,0.6,50,SAT
0.0320875576,0.0961597711,1,50,SAT
0.0321243849,0.0962467279,0.8,50,SAT
0.0321525008,0.0963149729,0.9,50,SAT
0.0321898318,0.0963779623,1,50,SAT
0.0322215183,0.0964406126,0.8,50,SAT
0.0322472014,0.0965131577,0.9,50,SAT
0.0322841091,0.0965920046,1,50,SAT
0.0323068591,0.0966529689,0.9,50,SAT
0.0323336141,0.096709528,1,50,SAT
0.0323650791,0.0967818039,1,50,SAT
0.032396682,0.0968458648,1,50,SAT
0.0324283221,0.0969281345,1,50,SAT
0.032463941,0.0970084843,0.7,50,SAT
0.0324863296,0.0970783482,1,50,SAT
0.0325119714,0.0971415183,1,50,SAT
0.0325362039,0.0972105194,0.9,50,SAT
0.0325632209,0.097268644,0.9,50,SAT
0.0325908297,0.0973427147,0.9,50,SAT
0.032628927,0.0974213169,1,50,SAT
0.0326594368,0.0975009136,0.8,50,SAT
0.0326940313,0.097588095,1,50,SAT
0.0327187522,0.0976511542,1,50,SAT
0.0327409845,0.0977074139,0.9,50,SAT
0.0327649855,0.0977689985,1,50,SAT
0.0327898752,0.0978258492,0.7,50,SAT
0.0328158317,0.0978955757,0.8,50,SAT
0.0328401058,0.097951205,0.9,50,SAT
0.0328637681,0.0980092819,0.6,50,SAT
0.032897834,0.0980866801,1,50,SAT
0.0329239308,0.0981643373,0.7,50,SAT
0.0329525975,0.0982369325,1,50,SAT
0.0329805326,0.0983069663,0.7,50,SAT
0.0330076624,0.098369214,0.9,50,SAT
0.033033563,0.0984336181,1,50,SAT
0.0330574425,0.0984970225,0.9,50,SAT
0.0330851482,0.0985642105,0.9,50,SAT
0.0331074224,0.0986295589,1,50,SAT
0.0331313641,0.0986867009,0.9,50,SAT
0.0331544828,0.0987498199,0.6,50,SAT
0.0331798818,0.0988156391,0.5,50,SAT
0.0332022217,0.0988796188,0.9,50,SAT
0.033226533,0.098931449,0.8,50,SAT
0.0332539507,0.0990006747,0.8,50,SAT
0.0332820445,0.0990644398,0.9,50,SAT
0.0333079133,0.0991256404,0.8,50,SAT
0.0333351886,0.0991966019,0.9,50,SAT
0.0333628481,0.0992711085,0.8,50,SAT
0.0333859491,0.0993361541,0.8,50,SAT
0.0334007604,0.0993819448,0.9,50,SAT
0.0334195596,0.0994308301,0.9,50,SAT
0.0334358813,0.0994649577,0.9,50,SAT
0.0334508615,0.0995007695,1,50,SAT
0.0334639214,0.0995283037,1,50,SAT
0.0334781779,0.0995537047,0.8,50,SAT
0.0334914934,0.0995832024,0.6,50,SAT
0.0335050921,0.0996132722,1,50,SAT
0.0335244025,0.0996617895,0.8,50,SAT
0.0335332378,0.0996846338,0.5,50,SAT
0.0335394416,0.0996900924,0.8,50,SAT
0.0335490276,0.0997078257,0.3,50,SAT
0.0335562913,0.0997259449,1,50,SAT
0.0335633777,0.0997410669,0.8,50,SAT
0.0335676635,0.0997528128,0.8,50,SAT
0.0335725857,0.0997641069,0.8,50,SAT
0.0335829537,0.0997935465,0.8,50,SAT
0.0335925867,0.0998097383,0.9,50,SAT
0.0336018763,0.0998313915,0.8,50,SAT
0.0336076018,0.0998421074,0.6,50,SAT
0.0336141922,0.0998465416,0.6,50,SAT
0.0336203629,0.0998534796,1,50,SAT
0.0336259837,0.0998622591,0.5,50,SAT
0.0336324385,0.0998701221,1,50,SAT
0.0336369146,0.0998758455,1,50,SAT
0.0336439199,0.0998875266,1,50,SAT
0.0336501637,0.0998910119,0.6,50,SAT
0.0336559189,0.0998980813,0.5,50,SAT
0.0336596751,0.0999013446,0.5,50,SAT
0.033665357,0.099916387,0.6,50,SAT
0.0336741087,0.0999379437,1,50,SAT
0.0336796852,0.0999445018,0.8,50,SAT
0.0336917899,0.0999687713,0.2,50,SAT
0.0336982274,0.0999808785,1,50,SAT
0.0337136963,0.1000191294,0.3,50,SAT
0.0337208077,0.1000316871,0.7,50,SAT
0.0337346195,0.1000664557,0.6,50,SAT
0.0337498322,0.1001109213,0.6,50,SAT
0.0337561043,0.1001219473,0.5,50,SAT
0.0337679007,0.1001538987,1,50,SAT
0.0337740177,0.1001681138,1,50,SAT
0.0337814989,0.1001738414,0.7,50,SAT
0.0337934384,0.1002021594,0.7,50,SAT
0.0338013157,0.1002153536,0.9,50,SAT
0.0338065442,0.1002313188,0.8,50,SAT
0.0338111796,0.1002378312,0.5,50,SAT
0.0338167349,0.1002436324,0.8,50,SAT
0.0338244272,0.1002679486,0.9,50,SAT
0.0338342821,0.1002894483,0.6,50,SAT
0.0338392288,0.1002960184,0.8,50,SAT
0.0338447846,0.1003065225,0.6,50,SAT
0.0338479713,0.1003090589,0.8,50,SAT
0.0338525558,0.10031742,1,50,SAT
0.033858095,0.1003245701,0.6,50,SAT
0.0338650295,0.100338124,0.4,50,SAT
0.0338711058,0.1003462145,0.6,50,SAT
0.033878792,0.1003614463,0.8,50,SAT
0.0338941879,0.1003939434,0.8,50,SAT
0.0339021155,0.1004055027,0.6,50,SAT
0.0339080197,0.1004169604,0.6,50,SAT
0.0339121319,0.1004213479,0,50,SAT
0.0339196321,0.1004367388,0.4,50,SAT
0.0339243908,0.1004507728,0.4,50,SAT
0.0339278395,0.1004580764,0.9,50,SAT
0.0339341614,0.1004718296,0.3,50,SAT
0.03393966,0.1004792134,0.6,50,SAT
0.0339462677,0.1004856456,0.3,50,SAT
0.033951432,0.1004929663,0.9,50,SAT
0.033955723,0.100498327,0.9,50,SAT
0.0339636694,0.100516703,0.4,50,SAT
0.0339678169,0.100521143,0.5,50,SAT
0.0339716185,0.1005281409,0.6,50,SAT
0.0339873548,0.100572351,0.4,50,SAT
0.0340085226,0.1006165457,0.4,50,SAT
0.03401584,0.1006309853,0.3,50,SAT
0.0340217281,0.1006403472,0.2,50,SAT
0.0340287249,0.1006551155,0.8,50,SAT
0.0340346169,0.1006635285,0.8,50,SAT
0.0340387042,0.1006731633,0.2,50,SAT
0.0340442192,0.1006809375,0.3,50,SAT
0.0340467083,0.1006852409,0.3,50,SAT
0.0340523524,0.1006965538,0.7,50,SAT
0.0340587822,0.1007156904,0.2,50,SAT
0.0340659419,0.10072524,0.5,50,SAT
0.0340726126,0.1007413539,0.6,50,SAT
0.0340787063,0.1007535845,0.8,50,SAT
0.0340843619,0.1007566567,0,50,SAT
0.0340913519,0.1007676399,0.4,50,SAT
0.0340940631,0.1007737397,0,50,SAT
0.0340984596,0.1007758034,0.2,50,SAT
0.0341040182,0.1007850649,0.4,50,SAT
0.0341065064,0.1007910678,0,50,SAT
0.0341130438,0.1008003894,0,50,SAT
0.0341189036,0.1008097709,0.7,50,SAT
0.0341277582,0.100821185,0.5,50,SAT
0.0341350644,0.100825958,0.3,50,SAT
0.0341408215,0.1008322378,0.5,50,SAT
0.0341480035,0.1008459117,0.7,50,SAT
0.0341523192,0.1008491611,0.3,50,SAT
0.0341589935,0.100862898,0.6,50,SAT
0.0341671395,0.1008765787,0.2,50,SAT
0.0341825023,0.1009154005,0.3,50,SAT
0.0341849652,0.1009167035,0.2,50,SAT
0.0341910942,0.1009362518,0.3,50,SAT
0.0341932869,0.1009414192,0.1,50,SAT
0.0342018864,0.1009562338,0.2,50,SAT
0.0342064112,0.1009614666,0.4,50,SAT
0.0342106362,0.1009735846,0,50,SAT
0.0342116168,0.1009760341,0.6,50,SAT
0.0342154575,0.1009817347,0.4,50,SAT
0.0342212042,0.1009882445,0.5,50,SAT
0.0342258763,0.1009968988,0.4,50,SAT
0.0342284953,0.1009984838,0.1,50,SAT
0.034229519,0.1009986801,0,50,SAT
0.0342298875,0.1010006046,0.2,50,SAT
0.0342338501,0.1010062014,0,50,SAT
0.0342392181,0.101009021,0.2,50,SAT
0.0342438838,0.1010164669,0,50,SAT
0.0342476163,0.1010219883,0.3,50,SAT
0.0342517649,0.1010254576,0.4,50,SAT
0.0342519925,0.1010306554,0.2,50,SAT
0.0342525799,0.1010283245,0.4,50,SAT
0.0342549894,0.1010289263,0.3,50,SAT
0.034255871,0.1010287906,0,50,SAT
0.0342583112,0.1010348475,0.1,50,SAT
0.0342636956,0.1010433571,0.2,50,SAT
0.0342658395,0.1010457056,0.1,50,SAT
0.0342673215,0.1010468021,0.3,50,SAT
0.0342704569,0.1010521877,0.2,50,SAT
0.0342751492,0.1010534803,0.2,50,SAT
0.0342758798,0.1010547256,0.1,50,SAT
0.0342790198,0.1010604913,0.3,50,SAT
0.0342810502,0.1010680472,0,50,SAT
0.0342836626,0.1010713102,0,50,SAT
0.0342848006,0.1010720551,0,50,SAT
0.0342856902,0.1010767156,0.5,50,SAT
0.0342870506,0.1010799318,0.7,50,SAT
0.034287827,0.1010791637,0.5,50,SAT
0.0342910626,0.1010826969,0.1,50,SAT
0.0342927122,0.1010844431,0.1,50,SAT
0.0342938544,0.101086489,0.2,50,SAT
0.0342968601,0.1010912857,0,50,SAT
0.0342990329,0.1010924303,0,50,SAT
0.0343024472,0.1010999038,0.1,50,SAT
0.034305777,0.1011018566,0,50,SAT
0.0343108846,0.1011060803,0.2,50,SAT
0.0343147874,0.1011119394,0,50,SAT
0.0343165579,0.101115569,0.1,50,SAT
0.0343185681,0.1011171588,0.4,50,SAT
0.0343221964,0.1011267566,0,50,SAT
0.0343252829,0.1011313828,0.1,50,SAT
0.0343271603,0.1011340507,0.2,50,SAT
0.034330058,0.1011368111,0.2,50,SAT
0.0343410507,0.1011669581,0.2,50,SAT
0.0343443113,0.1011728394,0.1,50,SAT
0.03434604,0.1011716521,0,50,SAT
0.0343490514,0.101171471,0,50,SAT
0.0343520668,0.101174543,0,50,SAT
0.0343579251,0.1011875501,0,50,SAT
0.0343596092,0.1011926111,0,50,SAT
0.0343610312,0.1011944878,0.3,50,SAT
0.034358215,0.1011819381,0,50,SAT
0.0343548374,0.1011718073,0.1,50,SAT
0.0343535603,0.1011637075,0,50,SAT
0.0343521574,0.101155236,0,50,SAT
0.0343501508,0.1011443845,0.1,50,SAT
0.0343485605,0.1011384475,0.1,50,SAT
0.0343467648,0.1011280581,0,50,SAT
0.0343451231,0.1011202453,0.1,50,SAT
0.0343448308,0.1011188753,0.1,50,SAT
0.034344027,0.1011132503,0,50,SAT
0.0343424653,0.101103935,0,50,SAT
0.034340098,0.1010953632,0.1,50,SAT
0.03433934,0.1010926123,0,50,SAT
0.0343371924,0.1010841221,0,50,SAT
0.0343371557,0.1010779714,0,50,SAT
0.0343400744,0.1010835321,0,50,SAT
0.034339199,0.1010759358,0,50,SAT
0.0343424684,0.1010796133,0.1,50,SAT
0.0343430847,0.1010777344,0,50,SAT
0.0343474531,0.1010923029,0,50,SAT
0.0343450982,0.1010820204,0,50,SAT
0.0343432624,0.1010769424,0,50,SAT
0.0343414025,0.1010690057,0,50,SAT
0.0343390381,0.1010595126,0,50,SAT
0.0343389685,0.1010577612,0.1,50,SAT
0.0343374302,0.1010522775,0,50,SAT
0.0343381621,0.1010542209,0.1,50,SAT
0.0343376337,0.101052345,0,50,SAT
0.0343419679,0.1010646561,0,50,SAT
0.0343408757,0.101059394,0,50,SAT
0.0343407846,0.1010561687,0,50,SAT
0.0343398971,0.101047033,0,50,SAT
0.0343412678,0.1010467181,0,50,SAT
0.034340488,0.1010400064,0,50,SAT
0.0343396992,0.1010355151,0,50,UnSAT
0.0343411002,0.1010378852,0,50,SAT
0.0343400954,0.1010292066,0,50,SAT
0.0343395935,0.1010257145,0,50,SAT
0.0343385767,0.1010183497,0,50,SAT
0.0343365755,0.1010104163,0,50,SAT
0.0343347117,0.1010018336,0,50,SAT
0.0343332043,0.1009945618,0,50,SAT
0.0343339003,0.1009947616,0,50,SAT
0.0343318083,0.1009878799,0,50,SAT
0.0343320657,0.1009853091,0,50,SAT
0.0343331445,0.1009912336,0,50,SAT
0.0343320573,0.1009851876,0,50,SAT
0.0343294254,0.1009782727,0,50,SAT
0.0343272007,0.1009687502,0,50,SAT
0.034325575,0.1009592242,0.1,50,SAT
0.034323274,0.1009489901,0,50,SAT
0.0343217509,0.1009412047,0,50,SAT
0.0343228022,0.100947954,0,50,SAT
0.0343212346,0.1009414646,0.1,50,SAT
0.0343225183,0.1009425357,0,50,SAT
0.0343209741,0.1009350979,0,50,SAT
0.0343190536,0.100926907,0,50,SAT
0.0343175175,0.1009200846,0,50,SAT
0.0343169846,0.1009198937,0,50,SAT
0.0343162672,0.1009184869,0,50,SAT
0.0343176888,0.100917777,0,50,SAT
0.0343173975,0.1009179278,0,50,SAT
0.0343154949,0.1009077833,0,50,UnSAT
0.0343174709,0.1009077182,0,50,SAT
0.0343158528,0.1008966685,0,50,SAT
0.0343149475,0.1008939965,0,50,SAT
0.034313107,0.1008859878,0,50,SAT
0.0343117316,0.1008826093,0,50,SAT
0.034312725,0.1008859674,0,50,UnSAT
0.0343143787,0.1008918118,0,50,SAT
0.0343159661,0.1008947111,0,50,SAT
0.0343155124,0.1008907611,0,50,SAT
0.034316927,0.1008928251,0,50,SAT
0.0343154941,0.1008844986,0,50,SAT
0.0343174157,0.1008851598,0,50,SAT
0.0343191574,0.1008905162,0,50,UnSAT
0.0343198811,0.1008902318,0,50,SAT
0.0343210797,0.1008885008,0,50,UnSAT
0.034323379,0.1008924569,0,50,SAT
0.0343254242,0.1008949162,0,50,SAT
0.034328415,0.1009020632,0,50,SAT
0.0343290584,0.100902554,0,50,SAT
0.0343306598,0.1009052675,0,50,SAT
0.0343331413,0.1009082874,0,50,UnSAT
0.0343349724,0.1009119375,0,50,SAT
0.0343376045,0.1009144774,0,50,UnSAT
0.0343385227,0.1009152129,0,50,SAT
0.0343411766,0.1009181056,0,50,SAT
0.0343435801,0.1009220066,0,50,SAT
0.0343455173,0.1009258841,0,50,SAT
0.0343476208,0.1009287101,0,50,SAT
0.0343491593,0.1009315435,0,50,UnSAT
0.0343521068,0.1009346818,0,50,SAT
0.0343533852,0.1009341565,0,50,UnSAT
0.0343540328,0.1009310613,0,50,UnSAT
0.0343561837,0.1009389422,0,50,SAT
0.0343588154,0.100943368,0,50,SAT
0.0343609927,0.100946476,0,50,SAT
0.0343628327,0.1009568245,0,50,UnSAT
0.0343650875,0.1009640391,0,50,SAT
0.0343688419,0.1009693468,0,50,SAT
0.034372752,0.1009828506,0,50,SAT
0.034374481,0.1009879631,0,50,SAT
0.0343762691,0.1009903964,0,50,SAT
0.0343787368,0.1009979497,0,50,UnSAT
0.0343825288,0.101003966,0,50,UnSAT
0.0343835185,0.1010071403,0,50,SAT
0.0343832144,0.101004754,0,50,SAT
0.0343861346,0.101012265,0,50,SAT
0.0343876689,0.1010149918,0,50,SAT
0.0343893206,0.1010169112,0,50,UnSAT
0.0343916373,0.1010178607,0,50,SAT
0.0343918878,0.1010152249,0,50,SAT
0.0343929214,0.1010202731,0,50,SAT
0.0343951171,0.1010287026,0,50,UnSAT
0.0343963061,0.1010344978,0,50,SAT
0.0343974079,0.1010377304,0,50,SAT
0.0343989638,0.1010377462,0,50,SAT
0.0344011143,0.1010413748,0,50,SAT
0.0344030191,0.1010443753,0,50,SAT
0.0344051856,0.1010500539,0,50,SAT
0.0344061788,0.1010491574,0,50,SAT
0.0344065329,0.1010470607,0,50,UnSAT
0.0344078336,0.1010495837,0,50,UnSAT
0.0344079319,0.1010522267,0,50,SAT
0.0344099057,0.101052634,0,50,SAT
0.034410579,0.1010527222,0,50,SAT
0.0344107111,0.1010534351,0,50,SAT
0.0344136999,0.1010586735,0,50,SAT
0.0344154173,0.1010597566,0,50,SAT
0.034417196,0.1010623948,0,50,UnSAT
0.0344186384,0.1010666637,0,50,SAT
0.0344224401,0.1010800685,0,50,SAT
0.0344234958,0.1010830331,0,50,SAT
0.0344256057,0.1010812987,0,50,SAT
0.034426431,0.1010756242,0,50,UnSAT
0.0344261689,0.1010751491,0,50,UnSAT
0.0344264451,0.1010751948,0,50,SAT
0.034426665,0.1010692431,0,50,UnSAT
0.0344290689,0.1010710258,0,50,SAT
0.0344303532,0.1010711137,0,50,UnSAT
0.0344309371,0.1010710573,0,50,SAT
0.0344319538,0.1010799925,0,50,SAT
0.0344334372,0.1010818999,0,50,SAT
0.0344352004,0.1010861795,0,50,UnSAT
0.0344358199,0.1010873035,0,50,SAT
0.03443593,0.1010867628,0,50,UnSAT
0.0344367528,0.1010895678,0,50,UnSAT
0.0344386716,0.1010912352,0,50,UnSAT
0.0344404257,0.1010911862,0,50,SAT
0.0344413342,0.1010945139,0,50,UnSAT
0.0344418732,0.1010923168,0,50,UnSAT
0.034442231,0.1010908702,0,50,UnSAT
0.0344435256,0.1010931809,0,50,UnSAT
0.0344441553,0.1010994094,0,50,UnSAT
0.0344460268,0.1011015782,0,50,UnSAT
0.0344459944,0.1010990004,0,50,UnSAT
0.0344457204,0.1010988442,0,50,UnSAT
0.0344472364,0.1010998742,0,50,UnSAT
0.0344491736,0.101103256,0,50,UnSAT
0.0344485028,0.1011011875,0,50,UnSAT
0.0344497958,0.1011041319,0,50,SAT
0.0344519452,0.1011072828,0,50,UnSAT
0.0344524664,0.1011076983,0,50,UnSAT
0.0344551825,0.1011092866,0,50,UnSAT
0.0344582684,0.101115225,0,50,UnSAT
0.0344586103,0.1011127685,0,50,UnSAT
0.0344594622,0.101116442,0,50,UnSAT
0.0344606723,0.1011198312,0,50,UnSAT
0.0344629829,0.1011219862,0,50,UnSAT
0.0344650687,0.101123204,0,50,SAT
0.0344659675,0.101127168,0,50,UnSAT
0.0344658588,0.1011250167,0,50,UnSAT
0.0344661558,0.1011269215,0,50,UnSAT
0.0344669979,0.1011295025,0,50,UnSAT
0.0344679848,0.101131369,0,50,UnSAT
0.0344693084,0.1011355688,0,50,UnSAT
0.0344698014,0.1011343019,0,50,UnSAT
0.0344696573,0.1011318811,0,50,UnSAT
0.034471905,0.101139095,0,50,UnSAT
0.0344721572,0.1011403686,0,50,UnSAT
0.0344716595,0.1011398884,0,50,UnSAT
0.0344731515,0.1011419777,0,50,UnSAT
0.0344748412,0.1011426284,0,50,UnSAT
0.0344747433,0.101140303,0,50,UnSAT
0.0344755733,0.1011408788,0,50,UnSAT
0.034476935,0.101144812,0,50,UnSAT
0.0344783812,0.101149344,0,50,UnSAT
0.0344800669,0.1011486706,0,50,UnSAT
0.0344792884,0.1011494675,0,50,UnSAT
0.0344789603,0.1011454235,0,50,UnSAT
0.0344803893,0.1011502352,0,50,UnSAT
0.0344815564,0.1011525108,0,50,UnSAT
0.0344821623,0.1011534861,0,50,UnSAT
0.0344815098,0.101152026,0,50,UnSAT
0.0344832872,0.1011572361,0,50,UnSAT
0.0344844055,0.1011643207,0,50,UnSAT
0.03448675,0.1011652915,0,50,UnSAT
0.0344877427,0.1011628333,0,50,UnSAT
0.0344886814,0.1011628346,0,50,UnSAT
0.0344906864,0.1011658457,0,50,UnSAT
0.034491903,0.1011662214,0,50,UnSAT
0.0344931464,0.1011667112,0,50,UnSAT
0.0344937933,0.1011671821,0,50,UnSAT
0.0344938403,0.1011646352,0,50,UnSAT
0.0344953464,0.1011689108,0,50,UnSAT
0.03449681,0.1011695931,0,50,UnSAT
0.0344973092,0.1011689063,0,50,UnSAT
0.0344964877,0.1011664937,0,50,UnSAT
0.0344990942,0.1011713464,0,50,UnSAT
0.0345006465,0.1011729928,0,50,UnSAT
0.0345030671,0.1011743923,0,50,UnSAT
0.0345038524,0.1011735425,0,50,UnSAT
0.0345036493,0.1011713554,0,50,UnSAT
0.0345048184,0.1011745582,0,50,UnSAT
0.0345040788,0.1011748918,0,50,UnSAT
0.0345078377,0.1011830704,0,50,UnSAT
0.0345093595,0.1011896338,0,50,UnSAT
0.0345102642,0.1011898017,0,50,UnSAT
0.0345109481,0.1011883697,0,50,UnSAT
0.0345126838,0.1011893527,0,50,UnSAT
0.0345137616,0.1011960871,0,50,UnSAT
0.0345138242,0.1011962484,0,50,UnSAT
0.0345139493,0.1011954591,0,50,UnSAT
0.03451497,0.1012004216,0,50,UnSAT
0.0345175131,0.1012056699,0,50,UnSAT
0.0345193216,0.1012088199,0,50,UnSAT
0.0345205414,0.1012168951,0,50,UnSAT
0.0345224048,0.1012183188,0,50,UnSAT
0.0345226764,0.101218283,0,50,UnSAT
0.0345231907,0.1012230662,0,50,UnSAT
0.0345235456,0.1012252225,0,50,UnSAT
0.0345242414,0.1012283663,0,50,UnSAT
0.034525433,0.1012289588,0,50,UnSAT
0.0345247948,0.1012273311,0,50,UnSAT
0.0345265987,0.1012291467,0,50,UnSAT
0.0345284691,0.1012362523,0,50,UnSAT
0.0345297715,0.1012378758,0,50,UnSAT
0.0345296608,0.101238655,0,50,UnSAT
0.0345316029,0.1012430953,0,50,UnSAT
0.0345337243,0.1012470756,0,50,UnSAT
0.0345341715,0.1012514319,0,50,UnSAT
0.0345356146,0.1012500802,0,50,UnSAT
0.0345361448,0.1012463297,0,50,UnSAT
0.034537143,0.1012515981,0,50,UnSAT
0.0345388112,0.1012545062,0,50,UnSAT
0.0345411103,0.1012579193,0,50,UnSAT
0.0345428443,0.101259577,0,50,UnSAT
0.0345436159,0.1012612043,0,50,UnSAT
0.0345449659,0.1012590227,0,50,UnSAT
0.034546381,0.1012636104,0,50,UnSAT
0.0345489112,0.101266502,0,50,UnSAT
0.0345500886,0.1012683126,0,50,UnSAT
0.0345518016,0.1012662325,0,50,UnSAT
0.0345515999,0.1012666437,0,50,UnSAT
0.0345530205,0.1012706781,0,50,UnSAT
0.0345549352,0.1012735306,0,50,UnSAT
0.0345568678,0.1012813325,0,50,UnSAT
0.0345584581,0.1012837037,0,50,UnSAT
0.0345603326,0.1012857342,0,50,UnSAT
0.0345607893,0.1012884933,0,50,UnSAT
0.0345623525,0.1012926787,0,50,UnSAT
0.0345642699,0.1012942394,0,50,UnSAT
0.0345659928,0.1012983534,0,50,UnSAT
0.0345672265,0.1013013568,0,50,UnSAT
0.0345683503,0.101300789,0,50,UnSAT
0.0345699359,0.1013006853,0,50,UnSAT
0.034570391,0.1013018545,0,50,UnSAT
0.034572637,0.101307844,0,50,UnSAT
0.0345745614,0.1013108642,0,50,UnSAT
0.0345763517,0.1013133899,0,50,UnSAT
0.0345777926,0.1013124553,0,50,UnSAT
0.0345784325,0.1013140681,0,50,UnSAT
0.0345792294,0.1013162905,0,50,UnSAT
0.0345806877,0.1013178447,0,50,UnSAT
0.0345826888,0.1013220449,0,50,UnSAT
0.0345838913,0.1013231074,0,50,UnSAT
0.0345845586,0.1013232544,0,50,UnSAT
0.0345857134,0.1013262946,0,50,UnSAT
0.0345872333,0.1013299101,0,50,UnSAT
0.0345892232,0.1013328668,0,50,UnSAT
0.0345902493,0.1013360817,0,50,UnSAT
0.0345897066,0.10133417,0,50,UnSAT
0.0345915963,0.1013388483,0,50,UnSAT
0.034594073,0.1013429936,0,50,UnSAT
0.0345965315,0.1013469077,0,50,UnSAT
0.0345962308,0.1013476067,0,50,UnSAT
0.0345977764,0.101346931,0,50,UnSAT
0.0345991004,0.1013511365,0,50,UnSAT
0.034601699,0.1013543031,0,50,UnSAT
0.0346030637,0.1013575398,0,50,UnSAT
0.0346040357,0.1013571998,0,50,UnSAT
0.0346057673,0.1013573994,0,50,UnSAT
0.0346070432,0.1013588696,0,50,UnSAT
0.0346075451,0.1013618081,0,50,UnSAT
0.0346089385,0.1013651067,0,50,UnSAT
0.0346106467,0.1013665479,0,50,UnSAT
0.0346130028,0.101366642,0,50,UnSAT
0.0346170704,0.1013696588,0,50,UnSAT
0.0346213931,0.1013845576,0,50,UnSAT
0.0346287006,0.1014035577,0,50,UnSAT
0.0346327793,0.1014139647,0,50,UnSAT
0.0346336927,0.1014189882,0,50,UnSAT
0.0346352766,0.101421045,0,50,UnSAT
0.0346365609,0.1014249733,0,50,UnSAT
0.0346373329,0.1014253311,0,50,UnSAT
0.0346440996,0.1014459456,0,50,UnSAT
0.034646951,0.1014546387,0,50,UnSAT
0.0346563444,0.1014750804,0,50,UnSAT
0.034660794,0.1014934532,0,50,UnSAT
0.0346634266,0.1015037346,0,50,UnSAT
0.0346751077,0.1015311468,0,50,UnSAT
0.0346862356,0.1015630601,0,50,UnSAT
0.0346891973,0.101571071,0,50,UnSAT
0.0346902902,0.1015722324,0,50,UnSAT
0.0346953777,0.1015883118,0,50,UnSAT
0.0346992138,0.1015967744,0,50,UnSAT
0.0347009115,0.101599449,0,50,UnSAT
0.0347023453,0.101605376,0,50,UnSAT
0.0347047111,0.1016113123,0,50,UnSAT
0.0347089523,0.1016187948,0,50,UnSAT
0.0347135074,0.1016264355,0,50,UnSAT
0.0347174518,0.1016426919,0,50,UnSAT
0.03471756,0.1016395827,0,50,UnSAT
0.0347264112,0.1016672451,0,50,UnSAT
0.0347257341,0.1016615815,0,50,UnSAT
0.0347319119,0.1016797717,0,50,UnSAT
0.0347344591,0.101684382,0,50,UnSAT
0.0347377518,0.1016994864,0,50,UnSAT
0.0347402111,0.1017105724,0,50,UnSAT
0.0347468986,0.101729681,0,50,UnSAT
0.0347493399,0.1017364681,0,50,UnSAT
0.0347544728,0.1017510141,0,50,UnSAT
0.0347573519,0.1017519609,0,50,UnSAT
0.0347617969,0.1017688209,0,50,UnSAT
0.0347694998,0.1017848164,0,50,UnSAT
0.0347743718,0.1018000698,0,50,UnSAT
0.0347770321,0.1018116823,0,50,UnSAT
0.0347823427,0.1018258103,0,50,UnSAT
0.0347840457,0.1018316638,0,50,UnSAT
0.0347907929,0.1018580879,0,50,UnSAT
0.0347987609,0.1018827179,0,50,UnSAT
0.0348019008,0.1018873721,0,50,UnSAT
0.0348020942,0.1018858259,0,50,UnSAT
0.0348037974,0.1018886076,0,50,UnSAT
0.0348077108,0.1018994111,0,50,UnSAT
0.034814015,0.1019173855,0,50,UnSAT
0.0348203017,0.1019328307,0,50,UnSAT
0.0348218857,0.1019397183,0,50,UnSAT
0.0348308998,0.1019619291,0,50,UnSAT
0.034835913,0.1019846279,0,50,UnSAT
0.0348399805,0.1020023764,0,50,UnSAT
0.0348424032,0.1020100291,0,50,UnSAT
0.0348444496,0.1020165138,0,50,UnSAT
0.034857831,0.1020481431,0,50,UnSAT
0.0348739553,0.1020935272,0,50,UnSAT
0.0348880427,0.1021447024,0,50,UnSAT
0.0349039681,0.1021881403,0,50,UnSAT
0.0349202972,0.1022289305,0,50,UnSAT
0.0349409021,0.1022802582,0,50,UnSAT
0.0349543042,0.1023238733,0,50,UnSAT
0.0349673166,0.1023615172,0,50,UnSAT
0.0349829976,0.1024002417,0,50,UnSAT
0.0349977528,0.1024394277,0,50,UnSAT
0.0350028229,0.1024624216,0,50,UnSAT
0.0350175987,0.1025121685,0,50,UnSAT
0.0350342435,0.1025560645,0,50,UnSAT
0.0350478148,0.1025947963,0,50,UnSAT
0.0350618131,0.1026335564,0,50,UnSAT
0.0350784717,0.1026801327,0,50,UnSAT
0.0350949384,0.102724897,0,50,UnSAT
0.0351099611,0.1027657831,0,50,UnSAT
0.0351166829,0.1027864074,0,50,UnSAT
0.0351162314,0.1027869872,0,50,UnSAT
0.0351309652,0.1028303825,0,50,UnSAT
0.03514129,0.1028639403,0,50,UnSAT
0.0351426344,0.102870728,0,50,UnSAT
0.0351566685,0.1029186125,0,50,UnSAT
0.035166191,0.1029522635,0,50,UnSAT
0.0351822953,0.1029983902,0,50,UnSAT
0.0351974888,0.1030399143,0,50,UnSAT
0.0352144674,0.1030817693,0,50,UnSAT
0.0352311084,0.1031230026,0,50,UnSAT
0.0352432388,0.1031520944,0,50,UnSAT
0.0352432621,0.1031485825,0,50,UnSAT
0.0352467848,0.1031641084,0,50,UnSAT
0.0352614261,0.1031983437,0,50,UnSAT
0.0352776727,0.1032346517,0,50,UnSAT
0.0352810526,0.1032498902,0,50,UnSAT
0.0352819224,0.1032511442,0,50,UnSAT
0.0352832619,0.1032543819,0,50,UnSAT
0.0352921253,0.1032809692,0,50,UnSAT
0.035293235,0.1032878422,0,50,UnSAT
